 Customer Name / Client , Account # , Order Date (UTC) , Region / Territory , Gross Revenue ($) , Unit Cost ($) , Profit Margin % , Active Subscription? , Customer Notes / Log , Blank Column (Notes) 
Dunder Mifflin,00115,2024-01-07,APAC,"18,744.44","$17,001.21",9.3%,Y,Standard order,
Umbrella Corp,00239,2024-05-09,North America,"£42,312.76","$21,791.07",48.5%,Yes,Fast shipping requested,
Cyberdyne Systems,00349,2024-03-12,EMEA,"$16,540.88","$12,868.80",22.2%,Y,Fast shipping requested,
Soylent Corp,00550,2024-02-01,LATAM,"6,370.61","$4,210.97",33.9%,Y,Fast shipping requested,
Umbrella Corp,00792,2024-03-15,North America,"64,221.17","$55,808.20",13.1%,true,Fast shipping requested,
Dunder Mifflin,00664,2024-01-19,EMEA,"40,293.42","$25,384.85",37.0%,false,,
Pied Piper,00795,2024-01-15,EMEA,"61,724.29","$41,108.38",33.4%,No,Fast shipping requested,
Soylent Corp,00406,2024-06-13,LATAM,"$11,143.93","$7,332.71",34.2%,Y,Customer asked for $50 discount,
Umbrella Corp,00142,2024-05-10,LATAM,"$7,272.75","$4,436.38",39.0%,Y,VIP client priority support,
Hooli Inc,00480,2024-05-15,APAC,"72,845.34","$41,886.07",42.5%,false,Standard order,
Wayne Enterprises,00446,2024-02-10,LATAM,$741.78,$665.38,10.3%,No,Quarterly renewal,
Stark Industries,00781,2024-02-11,North America,"(€45,121.37)","$37,450.74",(17.0%),No,Account upgrade pending,
Globex Inc,00088,2024-05-04,North America,"£73,359.84","$49,517.89",32.5%,Y,Quarterly renewal,
Massive Dynamic,00774,2024-06-25,EMEA,"€53,614.70","$37,047.76",30.9%,No,Standard order,
Stark Industries,00022,2024-05-30,EMEA,"(44,338.79)","$40,614.33",(8.4%),Y,,
Stark Industries,00073,2024-05-11,EMEA,"21,246.56","$14,107.72",33.6%,Yes,,
Cyberdyne Systems,00195,2024-01-25,North America,"$49,594.21","$30,401.25",38.7%,N,Standard order,
Cyberdyne Systems,00746,2024-03-27,North America,"$19,024.90","$13,678.90",28.1%,N,VIP client priority support,
Pied Piper,00883,2024-05-20,North America,"4,268.83","$2,245.40",47.4%,Yes,VIP client priority support,
Umbrella Corp,00886,2024-04-12,North America,"$12,765.47","$9,216.67",27.8%,Yes,Quarterly renewal,
Umbrella Corp,00304,2024-02-25,North America,"(43,648.93)","$28,721.00",(34.2%),Yes,Standard order,
Massive Dynamic,00083,2024-02-17,North America,"$44,830.12","$29,632.71",-,Y,Fast shipping requested,
Hooli Inc,00579,2024-05-13,APAC,"$70,135.62","$62,070.02",11.5%,Yes,Customer asked for $50 discount,
Pied Piper,00959,2024-01-19,North America,"£34,642.27","$28,302.73",18.3%,N,Quarterly renewal,
Stark Industries,00292,2024-02-10,LATAM,"$62,614.00","$59,232.84",5.4%,true,Fast shipping requested,
Globex Inc,00962,2024-02-04,APAC,"$9,099.44","$7,689.03",15.5%,true,Account upgrade pending,
Soylent Corp,00258,2024-01-14,North America,"(47,754.19)","$30,132.89",(36.9%),true,Quarterly renewal,
Vandelay Industries,00453,2024-05-21,LATAM,"(42,287.56)","$28,628.68",(32.3%),false,Account upgrade pending,
Massive Dynamic,00152,2024-04-20,EMEA,"3,616.25","$1,811.74",49.9%,No,Fast shipping requested,
Globex Inc,00363,2024-05-23,LATAM,"$73,050.86","$40,177.97",45.0%,Y,Standard order,
Initech LLC,00755,2024-03-26,LATAM,"$60,266.52","$30,976.99",48.6%,No,Quarterly renewal,
Wonka Industries,00941,2024-04-27,APAC,"$23,236.72","$18,844.98",18.9%,true,Customer asked for $50 discount,
Dunder Mifflin,00522,2024-04-12,APAC,"$70,473.17","$32,276.71",,Y,Customer asked for $50 discount,
Vandelay Industries,00806,2024-03-21,LATAM,"£45,662.56","$42,374.86",7.2%,No,Customer asked for $50 discount,
Cyberdyne Systems,00072,2024-06-19,APAC,"$46,925.08","$35,006.11",25.4%,true,Account upgrade pending,
Initech LLC,00197,2024-04-17,LATAM,"$50,960.19","$48,412.18",5.0%,Y,,
Hooli Inc,00622,2024-06-16,APAC,"€35,141.62","$16,516.56",53.0%,N,Customer asked for $50 discount,
Massive Dynamic,00680,2024-06-11,APAC,"$7,457.35","$6,994.99",6.2%,Yes,Account upgrade pending,
Wonka Industries,00787,2024-01-19,LATAM,"£31,375.86","$25,979.21",17.2%,Y,,
Wonka Industries,00789,2024-01-28,LATAM,"16,803.66","$14,938.45",11.1%,Yes,Fast shipping requested,
Massive Dynamic,00573,2024-06-01,APAC,"€71,277.95","$38,133.70",46.5%,Yes,Fast shipping requested,
Wonka Industries,00487,2024-04-25,APAC,"$56,507.37","$45,940.49",18.7%,true,Quarterly renewal,
Wayne Enterprises,00344,2024-03-22,North America,"$10,808.87","$8,030.99",25.7%,Yes,VIP client priority support,
Acme Corp,00212,2024-04-17,LATAM,,-,N/A,true,,
Cyberdyne Systems,00874,2024-04-17,EMEA,—,-,38.4%,Yes,,
Soylent Corp,00942,2024-02-02,North America,#VALUE!,-,26.4%,Yes,Standard order,
Wayne Enterprises,00389,2024-03-24,EMEA,"$34,375.10","$18,356.30",46.6%,N,VIP client priority support,
Acme Corp,00768,2024-05-18,North America,"74,993.13","$69,743.61",-,No,,
Acme Corp,00637,2024-02-09,EMEA,"$9,903.46","$5,615.26",43.3%,N,,
Wonka Industries,00168,2024-03-20,North America,"$43,612.01","$20,890.15",52.1%,No,Standard order,
Vandelay Industries,00792,2024-03-18,North America,"£59,818.93","$45,761.48",23.5%,false,Standard order,
Wonka Industries,00431,2024-05-05,North America,"$32,797.49","$24,007.76",26.8%,true,Account upgrade pending,
Pied Piper,00942,2024-05-17,LATAM,"35,133.10","$31,865.72",9.3%,No,,
Soylent Corp,00584,2024-06-05,LATAM,"€25,561.55","$14,084.41",44.9%,true,Account upgrade pending,
Acme Corp,00530,2024-02-18,North America,"€18,481.03","$11,587.61",37.3%,Y,Standard order,
Wayne Enterprises,00227,2024-04-13,EMEA,"£23,312.35","$10,537.18",54.8%,false,Fast shipping requested,
Soylent Corp,00278,2024-03-19,APAC,"17,675.08","$10,693.42",39.5%,Yes,Customer asked for $50 discount,
Vandelay Industries,00604,2024-05-14,APAC,"$73,548.04","$43,834.63",40.4%,Y,Standard order,
Massive Dynamic,00300,2024-06-27,EMEA,—,-,28.5%,Yes,Standard order,
Wayne Enterprises,00964,2024-05-02,North America,"€61,747.62","$53,967.42",12.6%,true,Standard order,
Umbrella Corp,00122,2024-05-22,LATAM,"£45,670.67","$33,293.92",27.1%,Y,Customer asked for $50 discount,
Hooli Inc,00636,2024-01-16,North America,"$71,095.47","$59,009.24",17.0%,Yes,Standard order,
Cyberdyne Systems,00462,2024-06-25,LATAM,"22,198.82","$20,289.72",8.6%,true,,
Pied Piper,00641,2024-05-30,EMEA,"£32,172.85","$28,279.94",12.1%,true,Account upgrade pending,
Vandelay Industries,00845,2024-05-25,APAC,"33,216.93","$23,251.85",30.0%,N,Account upgrade pending,
Acme Corp,00911,2024-04-20,APAC,"45,476.67","$30,105.56",33.8%,true,Account upgrade pending,
Acme Corp,00782,2024-02-14,LATAM,"€39,162.81","$24,790.06",36.7%,N,VIP client priority support,
Stark Industries,00419,2024-03-26,APAC,"$50,424.95","$24,052.70",52.3%,Y,VIP client priority support,
Globex Inc,00323,2024-03-05,APAC,"€9,136.16","$4,705.12",48.5%,Y,Quarterly renewal,
Massive Dynamic,00371,2024-06-08,LATAM,"47,092.95","$34,424.95",26.9%,N,Standard order,
Dunder Mifflin,00624,2024-03-02,EMEA,"23,650.89","$11,683.54",50.6%,N,Fast shipping requested,
Wonka Industries,00158,2024-05-07,APAC,"$38,410.97","$27,732.72",27.8%,No,Account upgrade pending,
Massive Dynamic,00765,2024-02-04,North America,"€21,080.43","$20,005.33",5.1%,Yes,,
Initech LLC,00458,2024-05-17,LATAM,"26,211.73","$13,499.04",48.5%,No,Account upgrade pending,
Cyberdyne Systems,00240,2024-04-15,North America,"€24,204.14","$14,958.16",38.2%,Yes,VIP client priority support,
Acme Corp,00130,2024-05-08,APAC,"€65,292.67","$57,326.96",12.2%,Yes,Standard order,
Soylent Corp,00801,2024-03-08,APAC,"46,932.83","$24,405.07",48.0%,false,Fast shipping requested,
Vandelay Industries,00909,2024-05-04,North America,"46,500.73","$26,830.92",42.3%,N,,
Dunder Mifflin,00721,2024-01-26,LATAM,"$12,894.18","$10,354.03",19.7%,Yes,Quarterly renewal,
Massive Dynamic,00422,2024-05-24,EMEA,"$13,163.78","$9,227.81",29.9%,No,VIP client priority support,
Dunder Mifflin,00261,2024-04-27,APAC,"€50,179.63","$36,580.95",27.1%,true,Fast shipping requested,
Cyberdyne Systems,00707,2024-03-05,LATAM,"$63,475.14","$48,177.63",24.1%,true,Fast shipping requested,
Wayne Enterprises,00023,2024-06-17,LATAM,"20,948.79","$10,369.65",50.5%,true,,
Pied Piper,00236,2024-06-04,APAC,"$16,815.84","$10,425.82",38.0%,N,Fast shipping requested,
Dunder Mifflin,00041,2024-03-20,LATAM,"$2,985.66","$1,719.74",42.4%,Yes,,
Massive Dynamic,00898,2024-04-03,APAC,"62,370.21","$50,020.91",19.8%,N,VIP client priority support,
Globex Inc,00145,2024-02-27,LATAM,"£72,561.60","$49,487.01",31.8%,true,Account upgrade pending,
Cyberdyne Systems,00843,2024-06-12,APAC,"8,571.78","$6,737.42",21.4%,N,Fast shipping requested,
Wonka Industries,00476,2024-06-28,APAC,"$48,868.34","$34,403.31",29.6%,Yes,VIP client priority support,
Soylent Corp,00380,2024-06-20,LATAM,"44,256.86","$28,412.90",35.8%,true,Standard order,
Vandelay Industries,00380,2024-02-25,LATAM,"$33,629.84","$22,801.03",32.2%,false,Standard order,
Cyberdyne Systems,00283,2024-02-18,North America,"€71,201.30","$33,037.40",53.6%,false,Quarterly renewal,
Initech LLC,00806,2024-05-24,EMEA,"5,611.46","$4,410.61",21.4%,Y,Customer asked for $50 discount,
Wonka Industries,00149,2024-02-03,APAC,-,-,22.9%,false,Standard order,
Initech LLC,00272,2024-01-14,EMEA,"£55,758.00","$42,877.90",23.1%,Yes,Account upgrade pending,
Umbrella Corp,00969,2024-06-06,North America,"£54,679.60","$24,660.50",54.9%,Y,Fast shipping requested,
Globex Inc,00503,2024-04-23,North America,"$67,495.37","$42,724.57",36.7%,false,VIP client priority support,
Hooli Inc,00544,2024-03-16,LATAM,"38,163.56","$23,852.22",37.5%,No,VIP client priority support,
Soylent Corp,00910,2024-02-28,LATAM,"€25,750.41","$20,445.83",20.6%,Yes,Fast shipping requested,
Soylent Corp,00069,2024-01-24,North America,"$7,445.64","$6,849.99",8.0%,false,Fast shipping requested,
Globex Inc,00421,2024-03-31,LATAM,"$65,172.87","$43,079.27",33.9%,Yes,Quarterly renewal,
Wonka Industries,00111,2024-03-30,APAC,"9,058.96","$4,194.30",53.7%,Y,Account upgrade pending,
Dunder Mifflin,00850,2024-06-26,APAC,"$2,657.01","$2,516.19",5.3%,Y,Standard order,
Initech LLC,00759,2024-06-11,North America,"£7,335.95","$5,612.00",23.5%,N,Standard order,
Initech LLC,00162,2024-06-07,North America,"$50,710.67","$37,678.03",25.7%,N,Customer asked for $50 discount,
Cyberdyne Systems,00114,2024-03-13,LATAM,"-$39,756.59","$36,695.33",(7.7%),No,Customer asked for $50 discount,
Umbrella Corp,00786,2024-02-05,APAC,"(22,063.81)","$19,526.47",(11.5%),No,Account upgrade pending,
Massive Dynamic,00854,2024-06-20,APAC,"$5,869.62","$4,654.61",20.7%,Y,Fast shipping requested,
Dunder Mifflin,00428,2024-03-15,North America,"$30,674.91","$18,558.32",39.5%,Y,,
Globex Inc,00250,2024-04-21,LATAM,"€39,535.21","$22,139.72",44.0%,N,Account upgrade pending,
Massive Dynamic,00199,2024-03-30,APAC,"$54,689.74","$35,493.64",35.1%,N,Quarterly renewal,
Pied Piper,00644,2024-05-06,LATAM,"£56,706.21","$35,838.32",36.8%,false,Quarterly renewal,
Soylent Corp,00070,2024-04-30,LATAM,"$47,538.19","$34,179.96",N/A,true,Standard order,
Dunder Mifflin,00885,2024-01-24,LATAM,"£34,972.02","$17,311.15",50.5%,No,Customer asked for $50 discount,
Hooli Inc,00488,2024-05-08,EMEA,"€71,850.32","$42,607.24",40.7%,Yes,Standard order,
Umbrella Corp,00725,2024-04-22,LATAM,"£39,543.11","$29,499.16",25.4%,Y,,
Dunder Mifflin,00663,2024-03-26,North America,"£25,061.96","$15,588.54",37.8%,Yes,Customer asked for $50 discount,
Globex Inc,00597,2024-06-18,EMEA,"$68,797.61","$44,856.04",34.8%,true,Account upgrade pending,
Cyberdyne Systems,00659,2024-03-25,EMEA,"£50,423.67","$47,448.67",5.9%,No,Customer asked for $50 discount,
Pied Piper,00498,2024-02-19,EMEA,"(74,998.26)","$52,198.79",(30.4%),Y,Fast shipping requested,
Stark Industries,00898,2024-06-07,EMEA,"$44,994.86","$24,522.20",45.5%,Yes,Standard order,
Cyberdyne Systems,00374,2024-06-22,EMEA,"£72,734.35","$49,677.56",31.7%,Yes,,
Umbrella Corp,00377,2024-06-22,LATAM,"$34,895.16","$30,323.89",13.1%,Yes,,
Wayne Enterprises,00054,2024-06-13,LATAM,"£65,621.71","$58,272.08",11.2%,Yes,Customer asked for $50 discount,
Soylent Corp,00928,2024-05-11,EMEA,"$62,412.98","$48,370.06",-,Y,Account upgrade pending,
Stark Industries,00242,2024-04-08,North America,"$28,430.99","$22,233.03",21.8%,Y,Customer asked for $50 discount,
Wonka Industries,00484,2024-06-27,EMEA,-,-,6.0%,Yes,Account upgrade pending,
Vandelay Industries,00624,2024-05-15,LATAM,"$8,783.42","$5,542.34",36.9%,N,Standard order,
Wonka Industries,00927,2024-05-07,North America,"£47,580.64","$30,594.35",35.7%,Y,Quarterly renewal,
Dunder Mifflin,00685,2024-01-22,APAC,"£5,542.11","$5,209.58",6.0%,Y,Fast shipping requested,
Cyberdyne Systems,00383,2024-03-05,North America,"$27,103.49","$15,286.37",43.6%,false,Quarterly renewal,
Acme Corp,00361,2024-05-19,APAC,"61,106.41","$43,446.66",28.9%,Yes,Standard order,
Vandelay Industries,00795,2024-04-27,North America,"$22,361.47","$17,777.37",20.5%,Yes,Customer asked for $50 discount,
Acme Corp,00772,2024-06-14,EMEA,"$21,815.26","$16,710.49",23.4%,Yes,VIP client priority support,
Stark Industries,00998,2024-02-17,LATAM,"52,059.10","$30,506.63",41.4%,Yes,Account upgrade pending,
Wayne Enterprises,00329,2024-01-27,North America,"$24,930.03","$15,082.67",39.5%,Y,Fast shipping requested,
Wonka Industries,00934,2024-03-31,LATAM,"($20,954.37)","$14,521.38",(30.7%),Yes,Standard order,
Initech LLC,00870,2024-06-04,LATAM,"$3,092.52","$1,468.95",-,Yes,Customer asked for $50 discount,
Stark Industries,00455,2024-01-20,EMEA,"39,944.76","$37,428.24",6.3%,Y,Account upgrade pending,
Globex Inc,00269,2024-03-07,LATAM,"£16,485.50","$14,655.61",11.1%,Yes,Quarterly renewal,
Vandelay Industries,00456,2024-01-23,APAC,"$50,254.06","$43,771.29",12.9%,Yes,,
Stark Industries,00521,2024-02-27,North America,"$73,892.37","$49,064.53",33.6%,Yes,Account upgrade pending,
Globex Inc,00068,2024-03-20,LATAM,"74,969.83","$68,447.45",8.7%,N,VIP client priority support,
Soylent Corp,00697,2024-05-12,APAC,"10,060.93","$7,384.72",26.6%,Y,,
Globex Inc,00531,2024-02-09,APAC,"12,766.95","$8,821.96",30.9%,N,Customer asked for $50 discount,
Umbrella Corp,00651,2024-05-21,APAC,"$9,825.19","$6,425.67",34.6%,Yes,Fast shipping requested,
Hooli Inc,00738,2024-06-03,APAC,"(63,268.49)","$58,649.89",(7.3%),true,Fast shipping requested,
Umbrella Corp,00786,2024-05-26,LATAM,"$46,549.08","$21,971.17",52.8%,Y,Customer asked for $50 discount,
Soylent Corp,00075,2024-06-25,North America,"€12,276.99","$9,747.93",20.6%,false,VIP client priority support,
Initech LLC,00779,2024-04-04,North America,"€24,274.13","$22,453.57",7.5%,Y,Quarterly renewal,
Wonka Industries,00924,2024-02-10,APAC,"70,064.49","$50,236.24",28.3%,Yes,Standard order,
Globex Inc,00968,2024-04-10,LATAM,"$72,518.15","$47,209.32",34.9%,Yes,Customer asked for $50 discount,
Massive Dynamic,00009,2024-01-28,LATAM,"$10,478.15","$7,858.61",25.0%,No,Customer asked for $50 discount,
Massive Dynamic,00296,2024-01-19,LATAM,"£38,067.04","$33,917.73",10.9%,Y,Customer asked for $50 discount,
Pied Piper,00348,2024-05-22,APAC,"$56,744.91","$52,829.51",6.9%,Yes,Account upgrade pending,
Soylent Corp,00153,2024-06-04,EMEA,"£24,933.46","$13,189.80",47.1%,Yes,Fast shipping requested,
Hooli Inc,00307,2024-05-01,North America,"$27,942.66","$16,402.34",41.3%,Y,Account upgrade pending,
Soylent Corp,00272,2024-06-16,EMEA,"£54,244.31","$30,539.55",43.7%,No,Standard order,
Hooli Inc,00971,2024-06-28,North America,"€14,713.43","$10,961.51",25.5%,Yes,,
Wonka Industries,00754,2024-01-16,EMEA,"£39,141.90","$31,039.53",20.7%,false,Account upgrade pending,
Stark Industries,00693,2024-06-23,APAC,"$45,950.71","$22,010.39",52.1%,true,Fast shipping requested,
Umbrella Corp,00707,2024-06-29,LATAM,"$24,119.54","$19,440.35",19.4%,Y,VIP client priority support,
Wonka Industries,00354,2024-02-07,APAC,"$3,633.95","$2,580.10",29.0%,true,Account upgrade pending,
Vandelay Industries,00279,2024-02-05,North America,"46,367.94","$38,809.97",16.3%,N,VIP client priority support,
Stark Industries,00735,2024-04-30,North America,"(51,248.80)","$38,282.85",(25.3%),Yes,VIP client priority support,
Dunder Mifflin,00205,2024-03-14,APAC,"$21,763.44","$14,842.67",31.8%,Y,Quarterly renewal,
Cyberdyne Systems,00904,2024-02-15,North America,"€74,789.30","$38,441.70",48.6%,Y,Standard order,
Wayne Enterprises,00582,2024-06-03,North America,"$69,669.89","$48,977.93",29.7%,Yes,Customer asked for $50 discount,
Umbrella Corp,00829,2024-01-29,APAC,"€12,605.82","$9,845.15",21.9%,No,Quarterly renewal,
Hooli Inc,00877,2024-06-12,LATAM,"£62,110.74","$28,508.83",54.1%,No,Standard order,
Wayne Enterprises,00393,2024-03-01,LATAM,"$56,654.87","$35,295.98",37.7%,Y,Fast shipping requested,
Globex Inc,00477,2024-03-19,EMEA,"£30,703.54","$18,575.64",39.5%,true,Customer asked for $50 discount,
Hooli Inc,00227,2024-02-26,EMEA,"€36,124.55","$24,384.07",32.5%,No,,
Umbrella Corp,00697,2024-06-01,North America,"£39,650.25","$36,438.58",8.1%,No,Account upgrade pending,
Massive Dynamic,00154,2024-02-12,APAC,"€64,159.21","$58,064.09",9.5%,Y,VIP client priority support,
Initech LLC,00526,2024-04-16,LATAM,"£42,511.38","$31,968.56",24.8%,No,Account upgrade pending,
Globex Inc,00047,2024-04-18,APAC,"£52,678.67","$25,443.80",N/A,Yes,,
Initech LLC,00785,2024-06-13,LATAM,"€28,397.34","$25,841.58",9.0%,Yes,Fast shipping requested,
Wonka Industries,00357,2024-01-31,EMEA,"€74,467.08","$70,594.79",N/A,Yes,Fast shipping requested,
Vandelay Industries,00558,2024-04-18,LATAM,"$61,840.35","$31,662.26",48.8%,Y,,
Dunder Mifflin,00430,2024-06-06,North America,,-,38.6%,No,Fast shipping requested,
Acme Corp,00412,2024-04-22,EMEA,"$40,712.11","$20,030.36",50.8%,false,Quarterly renewal,
Wayne Enterprises,00898,2024-02-06,EMEA,"-$31,310.24","$15,467.26",(50.6%),Y,Account upgrade pending,
Soylent Corp,00049,2024-03-29,LATAM,"$59,042.44","$50,658.41",14.2%,No,,
Umbrella Corp,00308,2024-02-06,LATAM,"£68,648.22","$51,898.05",24.4%,false,Fast shipping requested,
Globex Inc,00945,2024-04-25,APAC,"-$7,388.57","$4,795.18",(35.1%),N,Quarterly renewal,
Pied Piper,00780,2024-05-30,EMEA,"$36,214.87","$30,963.71",14.5%,Yes,Quarterly renewal,
Vandelay Industries,00619,2024-06-29,EMEA,"$30,049.09","$20,523.53",31.7%,true,Customer asked for $50 discount,
Massive Dynamic,00904,2024-05-07,LATAM,"€7,846.31","$6,229.97",-,Yes,Standard order,
Wayne Enterprises,00567,2024-05-29,LATAM,"22,491.83","$15,744.28",30.0%,false,Customer asked for $50 discount,
Pied Piper,00842,2024-05-05,LATAM,"$34,831.76","$17,137.23",50.8%,Y,Account upgrade pending,
Acme Corp,00860,2024-01-20,North America,"€57,443.24","$50,205.39",12.6%,Yes,Customer asked for $50 discount,
Acme Corp,00633,2024-06-12,LATAM,"(49,616.68)","$46,738.91",(5.8%),true,Account upgrade pending,
Wayne Enterprises,00018,2024-05-08,LATAM,"$60,559.49","$51,717.80",14.6%,false,Customer asked for $50 discount,
Pied Piper,00407,2024-01-21,APAC,"€71,967.69","$43,756.36",39.2%,Y,Standard order,
Cyberdyne Systems,00389,2024-04-06,LATAM,"4,680.56","$2,939.39",37.2%,N,Account upgrade pending,
Acme Corp,00236,2024-02-24,LATAM,"$20,696.58","$12,852.58",37.9%,false,Standard order,
Umbrella Corp,00602,2024-02-06,LATAM,"69,701.18","$52,624.39",24.5%,false,VIP client priority support,
Pied Piper,00758,2024-02-05,North America,"(37,809.07)","$29,491.07",(22.0%),Y,,
Stark Industries,00031,2024-06-11,APAC,"58,874.34","$43,213.77",26.6%,Y,Standard order,
Pied Piper,00634,2024-03-16,EMEA,"$53,626.59","$46,816.01",12.7%,false,Standard order,
Globex Inc,00006,2024-03-19,LATAM,"$27,313.85","$18,354.91",32.8%,N,Standard order,
Globex Inc,00363,2024-05-21,North America,None,-,24.4%,No,Account upgrade pending,
Massive Dynamic,00174,2024-06-24,LATAM,"$13,127.88","$9,622.74",26.7%,Yes,,
Globex Inc,00370,2024-03-05,EMEA,"€54,207.01","$43,257.19",20.2%,false,,
Hooli Inc,00390,2024-03-25,LATAM,"25,437.85","$21,622.17",15.0%,Y,Customer asked for $50 discount,
Wayne Enterprises,00753,2024-06-26,LATAM,"$72,598.35","$55,682.93",23.3%,No,Account upgrade pending,
Massive Dynamic,00185,2024-06-23,North America,"€71,498.84","$38,180.38",46.6%,Y,Fast shipping requested,
Soylent Corp,00143,2024-06-11,APAC,"$18,530.58","$8,431.41",54.5%,Y,Account upgrade pending,
Massive Dynamic,00946,2024-06-26,LATAM,"$41,001.57","$20,213.77",50.7%,No,Fast shipping requested,
Dunder Mifflin,00364,2024-02-12,North America,"€42,459.91","$38,086.54",10.3%,No,Account upgrade pending,
Vandelay Industries,00532,2024-05-22,EMEA,"€33,710.50","$29,496.69",12.5%,Yes,Standard order,
Wayne Enterprises,00426,2024-01-22,North America,"$62,433.17","$43,016.45",31.1%,N,VIP client priority support,
Vandelay Industries,00714,2024-04-25,APAC,"5,504.49","$3,445.81",37.4%,Yes,Fast shipping requested,
Umbrella Corp,00529,2024-02-14,EMEA,"€25,158.73","$21,586.19",14.2%,Y,VIP client priority support,
Acme Corp,00756,2024-06-06,EMEA,"€33,993.34","$19,512.18",42.6%,N,Account upgrade pending,
Globex Inc,00819,2024-05-17,EMEA,"27,751.58","$19,037.58",31.4%,Y,Account upgrade pending,
Cyberdyne Systems,00602,2024-01-30,APAC,"€26,722.88","$21,405.03",19.9%,N,Fast shipping requested,
Initech LLC,00321,2024-01-31,EMEA,"$23,250.81","$15,159.53",34.8%,Y,Quarterly renewal,
Soylent Corp,00651,2024-05-17,EMEA,"41,840.99","$26,778.23",36.0%,Y,VIP client priority support,
Initech LLC,00200,2024-04-08,LATAM,"€30,980.51","$28,161.28",-,true,Standard order,
Wayne Enterprises,00231,2024-05-17,APAC,"€13,031.57","$9,056.94",30.5%,true,,
Massive Dynamic,00844,2024-04-03,North America,"€57,120.31","$30,559.37",46.5%,true,,
Acme Corp,00461,2024-03-08,APAC,"$64,733.87","$53,858.58",16.8%,false,,
Vandelay Industries,00625,2024-06-10,LATAM,"12,865.63","$8,555.64",33.5%,Yes,Customer asked for $50 discount,
Vandelay Industries,00300,2024-03-15,APAC,"£71,453.60","$33,511.74",53.1%,Y,Customer asked for $50 discount,
Wonka Industries,00672,2024-02-02,EMEA,"$19,100.95","$13,466.17",29.5%,true,Fast shipping requested,
Cyberdyne Systems,00385,2024-04-25,North America,"$47,705.27","$24,377.39",48.9%,Yes,Customer asked for $50 discount,
Hooli Inc,00003,2024-01-24,LATAM,"$47,795.62","$22,272.76",53.4%,Yes,Customer asked for $50 discount,
Stark Industries,00849,2024-03-13,APAC,"$41,274.63","$25,136.25",-,Yes,Standard order,
Globex Inc,00952,2024-02-10,LATAM,"€34,510.60","$21,569.12",37.5%,true,Standard order,
Dunder Mifflin,00370,2024-03-05,North America,"-$28,202.36","$16,921.42",(40.0%),No,VIP client priority support,
Dunder Mifflin,00094,2024-06-29,North America,-€580.93,$354.37,(39.0%),Y,Standard order,
Vandelay Industries,00352,2024-01-31,LATAM,"-€52,205.31","$28,556.30",(45.3%),N,Customer asked for $50 discount,
Stark Industries,00903,2024-03-17,EMEA,"$29,012.72","$19,380.50",33.2%,Yes,VIP client priority support,
Stark Industries,00740,2024-02-24,EMEA,"£69,032.11","$62,128.90",10.0%,Y,Customer asked for $50 discount,
Cyberdyne Systems,00323,2024-02-05,EMEA,"$21,134.09","$17,076.34",19.2%,Y,,
Wonka Industries,00675,2024-03-18,EMEA,"£39,072.31","$21,802.35",44.2%,No,VIP client priority support,
Cyberdyne Systems,00116,2024-03-02,LATAM,"48,037.13","$23,201.93",51.7%,Y,Customer asked for $50 discount,
Massive Dynamic,00700,2024-02-14,LATAM,"($71,606.75)","$60,292.88",(15.8%),Y,,
Cyberdyne Systems,00519,2024-03-14,LATAM,"€32,056.36","$25,997.71",18.9%,No,,
Initech LLC,00550,2024-03-24,LATAM,"44,189.57","$36,721.53",16.9%,Y,Standard order,
Soylent Corp,00627,2024-06-04,North America,"$23,542.11","$20,434.55",13.2%,true,Quarterly renewal,
Stark Industries,00130,2024-03-09,North America,"$57,971.56","$47,478.71",18.1%,N,VIP client priority support,
Soylent Corp,00524,2024-04-02,North America,"£37,720.95","$18,973.64",49.7%,N,Quarterly renewal,
Vandelay Industries,00522,2024-01-01,North America,"$64,472.33","$56,413.29",12.5%,Y,Account upgrade pending,
Pied Piper,00936,2024-06-16,LATAM,"$17,226.39","$15,693.24",8.9%,Y,Quarterly renewal,
Umbrella Corp,00824,2024-05-12,North America,"$71,578.92","$56,905.24",20.5%,Yes,Standard order,
Stark Industries,00206,2024-03-15,APAC,"$55,598.41","$31,357.50",43.6%,No,Quarterly renewal,
Acme Corp,00955,2024-04-14,North America,"$17,858.33","$13,965.21",21.8%,Y,,
,,,,,,,,,
Vandelay Industries,00745,2024-03-19,North America,"15,786.98","$13,876.76",12.1%,Y,Quarterly renewal,
Wonka Industries,00533,2024-04-15,APAC,"$34,655.12","$26,095.31",24.7%,Y,VIP client priority support,
Dunder Mifflin,00988,2024-02-03,EMEA,"22,229.86","$17,494.90",21.3%,No,Standard order,
Umbrella Corp,00140,2024-05-29,North America,"$12,078.09","$9,312.21",22.9%,Yes,Customer asked for $50 discount,
Soylent Corp,00272,2024-01-31,North America,"$12,242.35","$6,512.93",46.8%,N,Fast shipping requested,
Umbrella Corp,00992,2024-04-01,LATAM,"$38,752.75","$28,987.06",25.2%,No,Standard order,
Soylent Corp,00105,2024-02-05,North America,"$1,390.79",$883.15,36.5%,true,,
Globex Inc,00023,2024-01-17,EMEA,"67,735.96","$36,983.83",45.4%,Yes,Standard order,
Initech LLC,00947,2024-05-26,LATAM,"€61,715.56","$47,706.13",22.7%,true,Customer asked for $50 discount,
Soylent Corp,00905,2024-02-08,North America,"£46,250.94","$31,219.38",32.5%,true,VIP client priority support,
Initech LLC,00430,2024-02-21,EMEA,"£47,491.20","$36,568.22",23.0%,Yes,Customer asked for $50 discount,
Hooli Inc,00515,2024-03-23,LATAM,"20,647.46","$11,583.23",43.9%,Yes,Account upgrade pending,
Stark Industries,00786,2024-05-29,EMEA,"$73,061.50","$40,476.07",44.6%,No,Account upgrade pending,
Wonka Industries,00817,2024-04-09,APAC,"70,172.85","$42,173.88",39.9%,Y,Fast shipping requested,
Vandelay Industries,00361,2024-05-25,EMEA,"42,451.61","$28,824.64",32.1%,Y,Standard order,
Acme Corp,00239,2024-06-03,EMEA,"(1,984.64)","$1,085.60",(45.3%),false,Fast shipping requested,
Initech LLC,00941,2024-03-23,North America,"£2,132.51","$1,465.03",31.3%,N,Customer asked for $50 discount,
Vandelay Industries,00965,2024-06-18,LATAM,"$44,158.24","$21,019.32",52.4%,Yes,Fast shipping requested,
Stark Industries,00179,2024-05-23,APAC,"£17,131.17","$13,756.33",19.7%,Y,Fast shipping requested,
Hooli Inc,00401,2024-05-25,North America,"$14,065.09","$9,381.42",33.3%,Yes,Customer asked for $50 discount,
Vandelay Industries,00080,2024-03-01,APAC,"73,687.28","$45,317.68",38.5%,false,VIP client priority support,
Acme Corp,00272,2024-02-23,EMEA,"$52,141.62","$39,471.21",24.3%,Yes,VIP client priority support,
Soylent Corp,00903,2024-04-06,APAC,"$41,178.79","$23,513.09",42.9%,Yes,Standard order,
Pied Piper,00867,2024-01-09,APAC,"$1,995.81","$1,520.81",23.8%,N,Customer asked for $50 discount,
Hooli Inc,00629,2024-05-03,North America,"$32,633.59","$25,584.73",21.6%,Y,Fast shipping requested,
Massive Dynamic,00740,2024-05-18,APAC,"$49,714.54","$26,348.71",47.0%,false,Standard order,
Cyberdyne Systems,00090,2024-03-16,LATAM,"15,375.77","$10,962.92",28.7%,Y,VIP client priority support,
Soylent Corp,00917,2024-06-18,APAC,"£7,289.70","$6,247.27",N/A,Yes,Customer asked for $50 discount,
Umbrella Corp,00858,2024-03-09,North America,"$11,759.24","$5,468.05",53.5%,Y,,
Cyberdyne Systems,00839,2024-05-13,LATAM,"€72,439.26","$54,546.76",24.7%,Y,Account upgrade pending,
Hooli Inc,00923,2024-05-12,EMEA,"9,461.00","$5,165.71",45.4%,Y,Standard order,
Dunder Mifflin,00446,2024-02-21,EMEA,"62,641.05","$56,752.79",9.4%,false,,
Wayne Enterprises,00533,2024-04-27,North America,"£59,098.02","$51,710.77",12.5%,N,Standard order,
Hooli Inc,00799,2024-01-26,APAC,"$65,126.91","$43,244.27",33.6%,Yes,Customer asked for $50 discount,
Cyberdyne Systems,00148,2024-06-07,LATAM,"$3,389.30","$2,765.67",18.4%,false,,
Pied Piper,00311,2024-03-20,APAC,"$63,292.07","$36,582.82",42.2%,false,Customer asked for $50 discount,
Vandelay Industries,00427,2024-06-03,North America,"$14,501.21","$10,034.84",30.8%,Y,Account upgrade pending,
Pied Piper,00163,2024-01-17,APAC,"53,362.92","$49,947.69",6.4%,No,,
Acme Corp,00256,2024-01-09,LATAM,"4,266.67","$2,973.87",30.3%,N,Fast shipping requested,
Acme Corp,00248,2024-04-05,LATAM,"$44,756.25","$34,820.36",22.2%,true,Fast shipping requested,
Wonka Industries,00706,2024-01-24,APAC,"2,545.06","$1,325.98",47.9%,No,Customer asked for $50 discount,
Dunder Mifflin,00420,2024-05-11,North America,"$64,914.93","$35,703.21",45.0%,true,Fast shipping requested,
Vandelay Industries,00659,2024-03-11,LATAM,"$67,213.48","$46,377.30",31.0%,N,Standard order,
Massive Dynamic,00679,2024-04-05,APAC,"$22,736.46","$17,893.59",21.3%,true,Quarterly renewal,
Initech LLC,00530,2024-03-02,North America,"£60,504.52","$56,692.74",6.3%,true,Customer asked for $50 discount,
Cyberdyne Systems,00415,2024-04-09,North America,"£43,935.27","$26,668.71",39.3%,Yes,Fast shipping requested,
Stark Industries,00520,2024-03-17,EMEA,"£63,127.58","$51,827.74",17.9%,Yes,Fast shipping requested,
Stark Industries,00671,2024-01-23,EMEA,"$26,968.61","$17,718.38",34.3%,N,VIP client priority support,
Acme Corp,00888,2024-06-11,North America,"$35,680.37","$28,579.98",19.9%,Yes,Quarterly renewal,
Umbrella Corp,00351,2024-04-14,LATAM,"$11,170.20","$9,628.71",13.8%,Y,VIP client priority support,
Wayne Enterprises,00215,2024-02-13,EMEA,"$36,973.49","$27,175.52",26.5%,Y,Standard order,
Massive Dynamic,00205,2024-04-05,North America,"£66,954.48","$55,304.40",17.4%,false,Customer asked for $50 discount,
Initech LLC,00106,2024-04-08,APAC,"$12,943.00","$8,438.84",34.8%,Yes,Customer asked for $50 discount,
Soylent Corp,00368,2024-02-18,EMEA,"(71,132.28)","$60,035.64",(15.6%),Y,Account upgrade pending,
Massive Dynamic,00174,2024-02-01,APAC,"$53,477.70","$34,118.77",36.2%,Y,Fast shipping requested,
Globex Inc,00670,2024-01-06,North America,"€51,886.36","$31,079.93",40.1%,Y,Customer asked for $50 discount,
Cyberdyne Systems,00678,2024-01-26,APAC,"$46,898.43","$30,061.89",35.9%,N,VIP client priority support,
Umbrella Corp,00624,2024-02-21,APAC,"$62,446.66","$42,213.94",32.4%,Yes,Customer asked for $50 discount,
Umbrella Corp,00003,2024-01-04,North America,"£68,062.56","$47,235.42",30.6%,N,Customer asked for $50 discount,
Dunder Mifflin,00237,2024-04-26,APAC,"$20,177.31","$16,242.73",19.5%,false,VIP client priority support,
Vandelay Industries,00119,2024-01-25,North America,"$1,220.59",$892.25,26.9%,N,Customer asked for $50 discount,
Wonka Industries,00351,2024-02-16,North America,"30,357.92","$16,696.86",45.0%,Yes,Standard order,
Initech LLC,00713,2024-01-16,EMEA,"£8,226.63","$5,297.95",35.6%,Y,,
Dunder Mifflin,00902,2024-02-03,LATAM,"$69,069.65","$43,030.39",,No,Fast shipping requested,
Wonka Industries,00347,2024-05-12,North America,"$32,747.17","$28,686.52",12.4%,Y,Standard order,
Dunder Mifflin,00957,2024-02-10,LATAM,"(63,964.40)","$50,212.05",(21.5%),true,Standard order,
Massive Dynamic,00229,2024-05-20,LATAM,"-$30,544.14","$22,175.05",(27.4%),Yes,VIP client priority support,
Stark Industries,00122,2024-05-07,North America,"(8,146.93)","$4,513.40",(44.6%),true,Account upgrade pending,
Massive Dynamic,00212,2024-06-16,LATAM,"71,301.46","$55,900.34",21.6%,Yes,Fast shipping requested,
Dunder Mifflin,00373,2024-04-25,North America,"-$7,759.06","$3,631.24",(53.2%),true,Account upgrade pending,
Massive Dynamic,00383,2024-06-28,North America,"$3,910.47","$2,913.30",25.5%,No,Quarterly renewal,
Globex Inc,00953,2024-04-10,EMEA,"$34,549.93","$16,825.82",51.3%,N,,
Soylent Corp,00469,2024-06-17,EMEA,"72,307.18","$38,395.11",46.9%,Yes,Fast shipping requested,
Hooli Inc,00178,2024-02-02,North America,"29,361.72","$21,757.03",25.9%,No,Customer asked for $50 discount,
Cyberdyne Systems,00987,2024-03-28,APAC,"34,237.01","$23,760.48",30.6%,false,Fast shipping requested,
Vandelay Industries,00958,2024-05-21,EMEA,"15,466.24","$13,672.16",11.6%,Yes,Account upgrade pending,
Massive Dynamic,00711,2024-06-12,APAC,"53,421.28","$31,785.66",40.5%,true,,
Cyberdyne Systems,00828,2024-01-04,North America,"($2,382.77)","$1,370.09",(42.5%),Yes,Customer asked for $50 discount,
Dunder Mifflin,00257,2024-02-07,North America,"$51,949.32","$37,611.31",27.6%,No,Fast shipping requested,
Dunder Mifflin,00575,2024-04-09,EMEA,"$38,563.71","$28,614.27",25.8%,false,Account upgrade pending,
Acme Corp,00014,2024-03-05,EMEA,"€46,731.85","$29,254.14",37.4%,No,,
Vandelay Industries,00988,2024-02-19,APAC,"$33,936.71","$25,825.84",23.9%,true,Quarterly renewal,
Initech LLC,00599,2024-03-06,North America,"-$25,126.93","$23,242.41",(7.5%),true,VIP client priority support,
Pied Piper,00587,2024-05-20,APAC,"$5,929.62","$3,302.80",44.3%,Y,Standard order,
Stark Industries,00227,2024-02-24,APAC,"$25,164.46","$11,374.34",54.8%,Y,Standard order,
Dunder Mifflin,00355,2024-04-24,EMEA,"£67,884.99","$34,417.69",49.3%,N,VIP client priority support,
Wayne Enterprises,00554,2024-03-13,North America,"$68,394.53","$54,852.41",19.8%,false,Account upgrade pending,
Globex Inc,00971,2024-01-25,EMEA,"£72,886.34","$46,282.83",36.5%,Y,,
Globex Inc,00211,2024-05-17,LATAM,"$48,668.81","$38,156.35",21.6%,Y,Quarterly renewal,
Pied Piper,00258,2024-05-22,North America,"$43,334.69","$32,414.35",25.2%,Y,Fast shipping requested,
Globex Inc,00548,2024-01-02,North America,"(£56,819.06)","$27,614.06",(51.4%),N,Customer asked for $50 discount,
Pied Piper,00703,2024-03-18,North America,"€21,473.05","$18,724.50",12.8%,Y,,
Pied Piper,00870,2024-05-19,APAC,"72,030.00","$37,167.48",48.4%,Y,Account upgrade pending,
Wonka Industries,00569,2024-02-06,North America,"3,612.10","$2,882.46",20.2%,false,Quarterly renewal,
Cyberdyne Systems,00928,2024-06-14,EMEA,"$12,491.10","$7,682.03",38.5%,Y,,
Pied Piper,00955,2024-05-20,LATAM,"$48,528.25","$28,486.08",41.3%,false,Customer asked for $50 discount,
Initech LLC,00688,2024-06-16,EMEA,"(£7,953.36)","$5,766.19",(27.5%),true,Fast shipping requested,
Hooli Inc,00157,2024-05-24,APAC,"€60,673.63","$36,040.14",40.6%,true,,
Stark Industries,00138,2024-06-22,APAC,"€65,902.49","$59,048.63",10.4%,N,,
Wayne Enterprises,00880,2024-02-05,EMEA,"20,110.98","$12,750.36",36.6%,Y,,
Hooli Inc,00218,2024-01-10,APAC,"£40,988.46","$34,348.33",16.2%,true,Quarterly renewal,
Soylent Corp,00514,2024-05-10,North America,"-£30,060.49","$18,276.78",(39.2%),Yes,VIP client priority support,
Initech LLC,00184,2024-05-24,EMEA,"€55,326.03","$46,141.91",16.6%,No,Standard order,
Dunder Mifflin,00212,2024-05-12,APAC,#VALUE!,-,21.2%,true,,
Vandelay Industries,00270,2024-05-28,EMEA,"28,561.14","$19,764.31",30.8%,No,Account upgrade pending,
Cyberdyne Systems,00362,2024-03-29,LATAM,"(£59,552.98)","$51,632.43",(13.3%),N,Account upgrade pending,
Dunder Mifflin,00288,2024-02-24,EMEA,"$14,424.47","$10,717.38",25.7%,N,VIP client priority support,
Dunder Mifflin,00491,2024-05-02,EMEA,"-€44,513.92","$29,112.10",(34.6%),Yes,Fast shipping requested,
Massive Dynamic,00041,2024-05-26,EMEA,"$4,665.44","$2,169.43",53.5%,true,Standard order,
Umbrella Corp,00460,2024-06-04,LATAM,"$65,114.03","$42,910.15",34.1%,true,Quarterly renewal,
Vandelay Industries,00703,2024-03-28,LATAM,"$44,941.74","$38,155.54",15.1%,Y,,
Initech LLC,00621,2024-01-25,EMEA,"£35,952.25","$20,636.59",42.6%,Yes,Account upgrade pending,
Massive Dynamic,00848,2024-01-01,LATAM,"$39,392.30","$18,947.70",51.9%,Y,Customer asked for $50 discount,
Hooli Inc,00824,2024-06-27,North America,"32,198.96","$26,016.76",19.2%,Y,Customer asked for $50 discount,
Umbrella Corp,00006,2024-01-02,North America,"€39,222.26","$30,161.92",23.1%,true,Customer asked for $50 discount,
Wonka Industries,00549,2024-04-18,APAC,"€46,085.11","$32,674.34",29.1%,Yes,Customer asked for $50 discount,
Wayne Enterprises,00592,2024-03-29,LATAM,"$55,315.79","$48,069.42",13.1%,Y,,
Stark Industries,00821,2024-05-20,North America,"$12,474.98","$8,108.74",35.0%,true,Quarterly renewal,
Stark Industries,00082,2024-06-04,North America,"€54,474.86","$35,463.13",34.9%,Yes,Fast shipping requested,
Soylent Corp,00450,2024-01-03,EMEA,,-,30.5%,Yes,Fast shipping requested,
Acme Corp,00369,2024-03-02,North America,"$73,185.62","$55,035.59",24.8%,Y,Fast shipping requested,
Vandelay Industries,00071,2024-01-24,APAC,"54,597.33","$44,333.03",18.8%,No,VIP client priority support,
Cyberdyne Systems,00589,2024-01-02,APAC,"£13,540.09","$6,445.08",52.4%,true,Account upgrade pending,
Wonka Industries,00813,2024-05-27,APAC,"€52,217.29","$24,489.91",53.1%,Yes,Account upgrade pending,
Wonka Industries,00029,2024-05-03,North America,"€19,707.57","$16,455.82",16.5%,false,Account upgrade pending,
Massive Dynamic,00010,2024-06-28,APAC,"$18,995.19","$12,783.76",32.7%,false,Customer asked for $50 discount,
Umbrella Corp,00916,2024-05-26,APAC,"$14,117.44","$7,256.36",48.6%,No,,
Umbrella Corp,00857,2024-06-07,APAC,"12,121.67","$8,533.66",,Y,,
Soylent Corp,00381,2024-06-07,APAC,"37,179.36","$18,292.25",50.8%,No,,
Hooli Inc,00132,2024-01-14,LATAM,"-£36,134.85","$20,307.79",(43.8%),Yes,Standard order,
Vandelay Industries,00531,2024-04-27,APAC,"$51,846.19","$39,869.72",23.1%,Yes,Account upgrade pending,
Wayne Enterprises,00243,2024-03-09,LATAM,"$71,910.25","$43,146.15",40.0%,Y,Customer asked for $50 discount,
Soylent Corp,00185,2024-05-26,EMEA,"73,455.80","$49,362.30",32.8%,No,Quarterly renewal,
Pied Piper,00983,2024-02-08,LATAM,"60,522.29","$38,431.65",36.5%,false,,
Soylent Corp,00308,2024-03-05,North America,"($30,180.94)","$16,026.08",(46.9%),N,VIP client priority support,
Vandelay Industries,00343,2024-03-07,APAC,"£27,342.84","$24,307.78",11.1%,No,Account upgrade pending,
Hooli Inc,00666,2024-06-15,EMEA,"$73,463.30","$42,755.64",41.8%,Y,Account upgrade pending,
Wayne Enterprises,00475,2024-06-10,EMEA,"$65,185.19","$32,331.85",50.4%,false,Quarterly renewal,
Stark Industries,00325,2024-06-16,APAC,"£53,427.29","$27,728.76",48.1%,Yes,VIP client priority support,
Initech LLC,00189,2024-01-06,EMEA,"$54,719.05","$47,441.42",13.3%,N,VIP client priority support,
Massive Dynamic,00056,2024-01-07,LATAM,"$39,536.72","$19,135.77",51.6%,No,Quarterly renewal,
Vandelay Industries,00291,2024-04-23,EMEA,"($10,280.14)","$5,325.11",(48.2%),Yes,,
Massive Dynamic,00958,2024-03-10,LATAM,"£10,566.06","$6,677.75",36.8%,true,Customer asked for $50 discount,
Soylent Corp,00553,2024-02-28,North America,"$33,418.59","$22,991.99",31.2%,Yes,Customer asked for $50 discount,
Wayne Enterprises,00481,2024-05-16,North America,"€51,738.86","$38,028.06",26.5%,No,,
Acme Corp,00562,2024-04-05,EMEA,"£31,174.32","$19,546.30",37.3%,No,Customer asked for $50 discount,
Globex Inc,00433,2024-06-09,EMEA,"£38,987.45","$22,573.73",42.1%,Y,Quarterly renewal,
Wonka Industries,00071,2024-02-16,EMEA,"€22,074.85","$18,896.07",-,Y,Quarterly renewal,
Globex Inc,00289,2024-03-09,EMEA,"$53,782.10","$41,896.26",22.1%,Yes,Customer asked for $50 discount,
Soylent Corp,00714,2024-01-09,APAC,"(6,476.62)","$4,391.15",(32.2%),Yes,Quarterly renewal,
Wonka Industries,00257,2024-04-07,North America,"$9,586.14","$4,342.52",54.7%,N,Account upgrade pending,
Dunder Mifflin,00214,2024-05-01,LATAM,"$51,267.45","$29,632.59",42.2%,N,Customer asked for $50 discount,
Soylent Corp,00654,2024-03-17,EMEA,"$27,351.79","$17,341.03",36.6%,Yes,,
Wayne Enterprises,00599,2024-01-31,LATAM,"$59,291.21","$35,930.47",39.4%,N,Quarterly renewal,
Initech LLC,00512,2024-01-24,APAC,"-$69,848.23","$47,636.49",(31.8%),N,Quarterly renewal,
Soylent Corp,00239,2024-03-22,APAC,None,-,22.9%,Y,VIP client priority support,
Vandelay Industries,00449,2024-05-23,APAC,"€40,933.69","$23,905.27",41.6%,Yes,Standard order,
Massive Dynamic,00159,2024-04-25,APAC,#VALUE!,-,30.3%,Y,Account upgrade pending,
Wonka Industries,00373,2024-06-07,EMEA,"$24,391.71","$16,781.50",31.2%,Yes,Account upgrade pending,
Wayne Enterprises,00331,2024-04-14,APAC,"8,729.58","$7,516.17",-,Yes,Quarterly renewal,
Globex Inc,00033,2024-05-26,LATAM,"£49,515.13","$41,592.71",16.0%,Y,Quarterly renewal,
Dunder Mifflin,00504,2024-01-21,LATAM,"60,175.99","$32,434.86",46.1%,Y,,
Hooli Inc,00273,2024-05-15,North America,"-$55,205.38","$49,740.05",(9.9%),No,Account upgrade pending,
Cyberdyne Systems,00195,2024-02-19,EMEA,"$42,967.06","$24,362.32",43.3%,Yes,Fast shipping requested,
Dunder Mifflin,00438,2024-01-27,EMEA,"£59,538.39","$26,851.81",54.9%,false,Customer asked for $50 discount,
Massive Dynamic,00333,2024-04-05,LATAM,"€57,431.74","$38,881.29",32.3%,true,Customer asked for $50 discount,
Soylent Corp,00459,2024-04-11,North America,"54,610.34","$43,633.66",20.1%,No,Quarterly renewal,
Wonka Industries,00323,2024-01-06,APAC,"£68,973.85","$64,214.65",6.9%,Yes,Customer asked for $50 discount,
Stark Industries,00911,2024-05-29,EMEA,"17,858.06","$10,411.25",41.7%,Yes,Quarterly renewal,
Soylent Corp,00846,2024-06-25,North America,"($44,844.72)","$40,853.54",(8.9%),Y,,
Stark Industries,00357,2024-04-21,LATAM,"$69,803.33","$45,302.36",,Y,Standard order,
Wayne Enterprises,00537,2024-01-11,APAC,"$40,724.76","$24,964.28",38.7%,Yes,,
Hooli Inc,00590,2024-05-09,North America,"$17,045.38","$12,136.31",28.8%,Y,Customer asked for $50 discount,
Globex Inc,00409,2024-05-08,LATAM,"$58,149.97","$43,728.78",24.8%,No,Quarterly renewal,
Globex Inc,00273,2024-04-20,APAC,"£51,512.98","$39,974.07",22.4%,Y,,
Wayne Enterprises,00174,2024-03-30,LATAM,"(46,927.07)","$28,484.73",(39.3%),Yes,,
Vandelay Industries,00874,2024-01-22,North America,"55,598.83","$30,023.37",,N,Customer asked for $50 discount,
Soylent Corp,00483,2024-01-06,APAC,"£16,071.21","$10,864.14",32.4%,Yes,Fast shipping requested,
Vandelay Industries,00685,2024-01-05,LATAM,"(£43,933.87)","$37,343.79",(15.0%),true,Standard order,
Soylent Corp,00671,2024-01-03,North America,"$29,454.06","$26,390.84",10.4%,Y,Quarterly renewal,
Cyberdyne Systems,00521,2024-01-26,APAC,"£36,607.33","$26,393.88",27.9%,Y,Standard order,
Umbrella Corp,00945,2024-05-15,APAC,#VALUE!,-,22.6%,No,Account upgrade pending,
Wayne Enterprises,00832,2024-01-16,APAC,"$65,961.46","$51,383.98",22.1%,Yes,Standard order,
Vandelay Industries,00392,2024-05-13,EMEA,"31,591.33","$24,799.19",21.5%,No,Fast shipping requested,
Initech LLC,00595,2024-05-18,EMEA,"64,762.78","$47,600.64",26.5%,Yes,Fast shipping requested,
Hooli Inc,00940,2024-02-10,APAC,"£5,552.15","$2,831.60",49.0%,false,VIP client priority support,
Cyberdyne Systems,00311,2024-04-23,APAC,"$11,820.80","$7,612.60",35.6%,No,Account upgrade pending,
Umbrella Corp,00237,2024-06-24,North America,"€27,264.97","$17,040.61",37.5%,Y,VIP client priority support,
Soylent Corp,00141,2024-02-11,EMEA,—,-,52.5%,No,,
Umbrella Corp,00068,2024-02-15,LATAM,"65,101.11","$47,914.42",26.4%,Y,Fast shipping requested,
Stark Industries,00404,2024-06-05,North America,"39,288.36","$32,491.47",17.3%,Y,Account upgrade pending,
Cyberdyne Systems,00529,2024-06-10,North America,"14,643.85","$10,528.93",28.1%,Y,Fast shipping requested,
Massive Dynamic,00926,2024-02-06,LATAM,"€62,327.07","$40,948.88",34.3%,Yes,VIP client priority support,
Cyberdyne Systems,00332,2024-04-25,North America,"13,826.45","$12,512.94",9.5%,Yes,Fast shipping requested,
Vandelay Industries,00127,2024-01-24,North America,"$53,113.89","$24,538.62",53.8%,Yes,VIP client priority support,
Massive Dynamic,00390,2024-01-12,EMEA,"£68,462.83","$60,110.36",12.2%,Y,VIP client priority support,
Wayne Enterprises,00317,2024-04-24,APAC,"$47,170.74","$26,745.81",N/A,Yes,Account upgrade pending,
Pied Piper,00006,2024-06-04,LATAM,"£18,221.94","$11,826.04",,true,Account upgrade pending,
Dunder Mifflin,00571,2024-02-23,North America,-,-,38.3%,true,Customer asked for $50 discount,
Globex Inc,00051,2024-01-28,LATAM,"$74,533.27","$48,670.23",34.7%,Yes,VIP client priority support,
Vandelay Industries,00593,2024-04-02,North America,"7,437.91","$4,247.05",42.9%,N,Customer asked for $50 discount,
Soylent Corp,00138,2024-02-01,APAC,"€25,026.04","$22,398.31",10.5%,N,VIP client priority support,
Vandelay Industries,00706,2024-06-03,APAC,"$32,315.49","$15,705.33",51.4%,Yes,Account upgrade pending,
Vandelay Industries,00648,2024-05-07,LATAM,"£60,694.54","$54,078.84",10.9%,N,Fast shipping requested,
Wonka Industries,00213,2024-06-06,LATAM,"$31,346.06","$19,748.02",37.0%,true,,
Globex Inc,00316,2024-03-17,APAC,"$57,643.93","$37,007.40",-,No,Customer asked for $50 discount,
Wonka Industries,00347,2024-06-21,LATAM,"$68,754.15","$34,652.09",49.6%,false,VIP client priority support,
Pied Piper,00834,2024-04-15,North America,"$62,715.38","$59,015.17",5.9%,false,,
Pied Piper,00363,2024-01-17,EMEA,"$21,394.27","$18,548.83",13.3%,Yes,Account upgrade pending,
Globex Inc,00886,2024-03-19,APAC,"$53,383.08","$38,649.35",27.6%,No,Account upgrade pending,
Wayne Enterprises,00180,2024-01-29,APAC,"$58,978.33","$41,815.64",29.1%,No,Customer asked for $50 discount,
Soylent Corp,00751,2024-05-14,APAC,"58,277.22","$40,327.84",30.8%,No,Fast shipping requested,
Acme Corp,00471,2024-04-09,North America,$806.19,$578.04,,true,Standard order,
Hooli Inc,00777,2024-03-20,EMEA,"$24,405.59","$14,985.03",38.6%,Yes,Customer asked for $50 discount,
Globex Inc,00016,2024-06-08,North America,"15,890.01","$8,707.73",45.2%,Yes,Standard order,
Wayne Enterprises,00628,2024-03-27,LATAM,"$4,279.10","$3,949.61",7.7%,Yes,Fast shipping requested,
Hooli Inc,00913,2024-05-31,LATAM,"$46,415.49","$25,296.44",45.5%,Yes,Account upgrade pending,
Initech LLC,00096,2024-06-27,LATAM,"$7,746.09","$6,460.24",16.6%,true,Customer asked for $50 discount,
Cyberdyne Systems,00188,2024-06-28,APAC,None,-,10.6%,Yes,Customer asked for $50 discount,
Pied Piper,00357,2024-06-03,EMEA,"€38,342.25","$23,963.91",37.5%,Yes,VIP client priority support,
Hooli Inc,00424,2024-03-02,EMEA,"41,322.20","$27,066.04",34.5%,Y,Account upgrade pending,
Pied Piper,00351,2024-05-19,EMEA,"13,394.87","$11,961.62",10.7%,false,Account upgrade pending,
Globex Inc,00842,2024-04-23,EMEA,"-€23,448.66","$13,225.04",(43.6%),Y,Customer asked for $50 discount,
Soylent Corp,00661,2024-06-18,North America,"$7,244.71","$6,882.47",5.0%,Yes,VIP client priority support,
Massive Dynamic,00299,2024-04-09,LATAM,"$15,077.16","$7,402.89",50.9%,false,Standard order,
Hooli Inc,00009,2024-06-05,LATAM,"(63,648.94)","$60,466.49",(5.0%),false,Standard order,
Wonka Industries,00289,2024-01-08,EMEA,"£32,662.80","$24,791.07",24.1%,Yes,VIP client priority support,
Initech LLC,00193,2024-05-22,LATAM,"63,327.91","$38,946.66",38.5%,N,Fast shipping requested,
Acme Corp,00148,2024-05-04,LATAM,"$73,135.64","$52,803.93",27.8%,Y,Account upgrade pending,
Initech LLC,00466,2024-05-10,LATAM,"€41,627.73","$39,379.83",5.4%,No,Fast shipping requested,
Massive Dynamic,00276,2024-04-15,APAC,"$2,992.91","$2,121.97",29.1%,Yes,Fast shipping requested,
Vandelay Industries,00540,2024-03-12,LATAM,"£39,012.74","$22,588.38",42.1%,N,Fast shipping requested,
Dunder Mifflin,00553,2024-05-28,APAC,None,-,30.6%,false,VIP client priority support,
Stark Industries,00984,2024-03-16,APAC,"£12,979.36","$11,928.03",8.1%,Yes,Account upgrade pending,
Acme Corp,00673,2024-03-15,North America,"$21,867.77","$18,019.04",17.6%,true,,
Wayne Enterprises,00015,2024-01-29,EMEA,"$68,304.80","$38,182.38",44.1%,Yes,,
Massive Dynamic,00883,2024-01-09,APAC,"73,813.34","$42,368.86",42.6%,Y,Quarterly renewal,
Dunder Mifflin,00451,2024-06-12,EMEA,"(16,208.83)","$14,976.96",(7.6%),Yes,VIP client priority support,
Soylent Corp,00309,2024-05-01,EMEA,"28,795.16","$27,182.63",5.6%,Yes,VIP client priority support,
Dunder Mifflin,00324,2024-05-15,North America,"£7,753.64","$3,807.04",50.9%,false,Customer asked for $50 discount,
Wayne Enterprises,00822,2024-01-26,APAC,"€49,248.57","$30,238.62",38.6%,false,Fast shipping requested,
Vandelay Industries,00185,2024-03-21,North America,"(50,623.74)","$30,728.61",(39.3%),false,Quarterly renewal,
Vandelay Industries,00291,2024-03-05,EMEA,"£3,036.11","$1,615.21",46.8%,N,Fast shipping requested,
Globex Inc,00089,2024-06-03,EMEA,"£28,508.90","$24,460.64",14.2%,N,Fast shipping requested,
Soylent Corp,00945,2024-03-11,LATAM,"$52,070.50","$47,852.79",8.1%,Y,Customer asked for $50 discount,
Wonka Industries,00272,2024-02-15,LATAM,"$5,670.19","$4,978.43",12.2%,No,Account upgrade pending,
Dunder Mifflin,00109,2024-04-23,APAC,"($8,194.89)","$7,711.39",(5.9%),Yes,Quarterly renewal,
Dunder Mifflin,00656,2024-01-01,North America,"$50,013.13","$47,412.45",5.2%,Yes,VIP client priority support,
Cyberdyne Systems,00414,2024-01-18,EMEA,746.40,$584.43,21.7%,Y,Fast shipping requested,
Dunder Mifflin,00093,2024-04-03,APAC,"€6,494.03","$4,370.48",32.7%,No,Customer asked for $50 discount,
Vandelay Industries,00400,2024-01-28,APAC,"€36,744.51","$21,679.26",41.0%,Yes,VIP client priority support,
Globex Inc,00812,2024-05-18,APAC,—,-,7.8%,Y,VIP client priority support,
Globex Inc,00217,2024-06-16,LATAM,"70,536.69","$65,740.20",6.8%,Y,VIP client priority support,
Hooli Inc,00047,2024-03-03,EMEA,"$1,570.21","$1,011.22",35.6%,N,,
Wonka Industries,00109,2024-01-30,LATAM,"£44,825.82","$24,385.25",45.6%,Y,Customer asked for $50 discount,
Globex Inc,00701,2024-05-27,EMEA,"$24,458.45","$21,768.02",11.0%,Y,Quarterly renewal,
Vandelay Industries,00379,2024-05-21,EMEA,"-£33,180.26","$21,368.09",(35.6%),Yes,Standard order,
Soylent Corp,00083,2024-01-02,North America,"$13,866.26","$8,361.35",39.7%,Yes,Fast shipping requested,
Initech LLC,00212,2024-02-06,APAC,"€39,469.97","$25,734.42",34.8%,N,Fast shipping requested,
Wonka Industries,00802,2024-03-18,APAC,"£31,699.55","$28,592.99",9.8%,No,VIP client priority support,
Pied Piper,00642,2024-06-17,EMEA,"21,093.78","$10,420.33",50.6%,Yes,Fast shipping requested,
Acme Corp,00056,2024-06-14,APAC,"21,737.31","$15,716.08",27.7%,Y,Account upgrade pending,
Initech LLC,00162,2024-01-08,LATAM,"$38,860.33","$30,583.08",21.3%,false,Quarterly renewal,
Pied Piper,00113,2024-03-24,EMEA,"€7,805.78","$5,581.13",28.5%,Y,Quarterly renewal,
Umbrella Corp,00951,2024-06-05,LATAM,"$13,765.53","$6,359.67",53.8%,Yes,Standard order,
Vandelay Industries,00583,2024-01-16,APAC,"€10,669.36","$5,409.37",49.3%,Yes,Account upgrade pending,
Massive Dynamic,00876,2024-02-28,North America,"£31,171.36","$16,583.16",46.8%,Y,Fast shipping requested,
Wonka Industries,00253,2024-03-04,APAC,"$32,851.53","$21,780.56",-,Y,VIP client priority support,
Vandelay Industries,00788,2024-05-09,North America,"32,214.47","$23,323.28",27.6%,Y,Fast shipping requested,
Vandelay Industries,00417,2024-02-25,EMEA,"$27,201.22","$21,706.57",20.2%,Y,VIP client priority support,
Soylent Corp,00791,2024-02-05,LATAM,"$14,278.46","$9,081.10",36.4%,false,Account upgrade pending,
Acme Corp,00304,2024-04-19,APAC,"£52,505.10","$47,779.64",9.0%,Y,Account upgrade pending,
Dunder Mifflin,00373,2024-01-14,North America,"€29,030.15","$19,479.23",32.9%,No,Quarterly renewal,
Stark Industries,00245,2024-05-18,North America,"£48,853.36","$27,846.42",43.0%,true,Account upgrade pending,
Dunder Mifflin,00434,2024-03-11,North America,"5,221.00","$3,733.02",28.5%,true,VIP client priority support,
Hooli Inc,00377,2024-06-21,North America,"€14,532.34","$6,844.73",52.9%,Yes,Customer asked for $50 discount,
Globex Inc,00714,2024-02-07,LATAM,"$11,712.11","$5,446.13",53.5%,Yes,VIP client priority support,
Stark Industries,00431,2024-04-23,North America,"-$22,218.00","$13,952.90",(37.2%),Y,Account upgrade pending,
Stark Industries,00672,2024-06-14,APAC,"£36,718.06","$32,458.77",11.6%,Yes,,
Wayne Enterprises,00233,2024-05-03,APAC,"72,818.94","$46,676.94",35.9%,true,Quarterly renewal,
Initech LLC,00860,2024-06-26,EMEA,"(12,513.48)","$9,134.84",(27.0%),false,Quarterly renewal,
Umbrella Corp,00576,2024-01-09,APAC,"$73,362.68","$58,616.78",20.1%,Y,VIP client priority support,
Pied Piper,00149,2024-04-27,APAC,"£12,125.97","$8,645.82",28.7%,Yes,,
Hooli Inc,00747,2024-04-23,APAC,"€51,841.45","$41,265.79",20.4%,No,VIP client priority support,
Stark Industries,00095,2024-03-24,North America,"45,807.27","$37,149.70",,Yes,Fast shipping requested,
Dunder Mifflin,00981,2024-01-23,LATAM,"$14,986.53","$9,246.69",38.3%,Y,Customer asked for $50 discount,
Cyberdyne Systems,00382,2024-01-04,APAC,"$26,196.56","$15,351.18",41.4%,Y,,
Soylent Corp,00296,2024-02-11,LATAM,"€54,781.11","$46,344.82",15.4%,false,Standard order,
Hooli Inc,00775,2024-04-06,North America,$993.11,$568.06,42.8%,Yes,,
Cyberdyne Systems,00297,2024-05-21,LATAM,"$3,646.35","$2,618.08",-,Yes,Customer asked for $50 discount,
Wayne Enterprises,00979,2024-06-12,LATAM,"$9,751.18","$8,073.98",17.2%,true,VIP client priority support,
Globex Inc,00614,2024-04-02,LATAM,"$42,635.31","$37,945.43",11.0%,Y,,
Wayne Enterprises,00167,2024-05-28,North America,"€11,387.22","$9,269.20",18.6%,false,Standard order,
Wayne Enterprises,00299,2024-05-15,North America,"$38,783.05","$30,599.83",21.1%,true,Customer asked for $50 discount,
Dunder Mifflin,00715,2024-06-25,APAC,"£7,639.59","$6,180.43",19.1%,Y,Customer asked for $50 discount,
Initech LLC,00105,2024-02-25,EMEA,"$38,002.03","$18,012.96",52.6%,N,VIP client priority support,
Soylent Corp,00939,2024-01-20,North America,"$61,503.93","$33,273.63",45.9%,false,Quarterly renewal,
Vandelay Industries,00312,2024-01-08,North America,"$17,065.66","$7,833.14",54.1%,N,Standard order,
Acme Corp,00794,2024-05-03,LATAM,"-$3,667.51","$3,374.11",(8.0%),N,Customer asked for $50 discount,
Acme Corp,00068,2024-03-18,North America,"56,714.00","$48,660.61",14.2%,N,Quarterly renewal,
Wonka Industries,00765,2024-03-12,APAC,"£26,739.14","$24,493.05",8.4%,Y,Account upgrade pending,
Umbrella Corp,00733,2024-02-19,APAC,"(13,297.12)","$6,515.59",(51.0%),Yes,Customer asked for $50 discount,
Vandelay Industries,00604,2024-02-17,LATAM,"$50,677.66","$42,721.27",15.7%,N,,
Stark Industries,00127,2024-04-29,North America,"€39,219.70","$36,474.32",7.0%,N,VIP client priority support,
Wayne Enterprises,00468,2024-06-02,APAC,"51,684.97","$38,040.14",26.4%,Yes,Fast shipping requested,
Stark Industries,00184,2024-01-04,LATAM,"€50,571.11","$44,401.43",12.2%,N,Fast shipping requested,
Initech LLC,00067,2024-04-03,EMEA,"£25,728.06","$18,987.31",26.2%,true,,
Pied Piper,00821,2024-06-13,LATAM,"£27,029.25","$23,677.62",12.4%,N,Customer asked for $50 discount,
Soylent Corp,00510,2024-02-29,EMEA,"$2,714.40","$2,334.38",14.0%,false,Quarterly renewal,
Wayne Enterprises,00637,2024-06-08,North America,"£57,132.77","$35,365.18",38.1%,true,Account upgrade pending,
Stark Industries,00829,2024-05-18,North America,"$71,467.25","$51,813.76",27.5%,Yes,VIP client priority support,
Acme Corp,00034,2024-02-15,APAC,"$66,410.17","$46,885.58",29.4%,Yes,Fast shipping requested,
Massive Dynamic,00702,2024-05-18,LATAM,"$35,955.37","$16,719.25",53.5%,false,,
Wayne Enterprises,00329,2024-01-16,North America,"$44,489.52","$41,686.68",6.3%,false,VIP client priority support,
Globex Inc,00439,2024-03-29,APAC,"$31,188.76","$20,397.45",34.6%,N,,
Wayne Enterprises,00118,2024-03-27,EMEA,"($1,968.54)","$1,311.05",(33.4%),Y,Customer asked for $50 discount,
Acme Corp,00713,2024-04-30,North America,"€73,939.48","$52,201.27",29.4%,No,Customer asked for $50 discount,
Soylent Corp,00515,2024-06-19,APAC,"$12,913.73","$6,792.62",47.4%,No,Customer asked for $50 discount,
Wayne Enterprises,00049,2024-03-17,LATAM,"60,442.92","$54,579.96",9.7%,N,Account upgrade pending,
Pied Piper,00544,2024-05-01,LATAM,"16,125.57","$11,836.17",26.6%,No,VIP client priority support,
Cyberdyne Systems,00258,2024-06-08,LATAM,#VALUE!,-,30.8%,Yes,Quarterly renewal,
Dunder Mifflin,00986,2024-04-29,APAC,"70,318.64","$33,963.90",51.7%,Y,Account upgrade pending,
Umbrella Corp,00374,2024-04-28,EMEA,"18,407.86","$9,093.48",50.6%,Y,Customer asked for $50 discount,
Wonka Industries,00294,2024-06-14,EMEA,"£19,605.27","$18,350.53",6.4%,true,VIP client priority support,
Soylent Corp,00574,2024-04-21,LATAM,"$48,695.69","$27,026.11",44.5%,Yes,Fast shipping requested,
Wonka Industries,00044,2024-05-04,North America,"$4,621.88","$2,181.53",52.8%,N,VIP client priority support,
Wonka Industries,00742,2024-02-05,EMEA,"8,838.96","$4,198.51",52.5%,true,VIP client priority support,
Globex Inc,00244,2024-06-02,North America,"$58,102.72","$33,467.17",42.4%,Y,Quarterly renewal,
Initech LLC,00110,2024-02-14,EMEA,"€72,759.30","$49,694.60",31.7%,N,Customer asked for $50 discount,
Massive Dynamic,00434,2024-05-01,EMEA,"72,266.99","$67,858.70",6.1%,Y,,
Vandelay Industries,00679,2024-01-14,EMEA,"€19,347.23","$10,524.89",45.6%,No,,
Soylent Corp,00398,2024-01-03,LATAM,"$69,599.30","$55,749.04",19.9%,Yes,VIP client priority support,
Dunder Mifflin,00325,2024-06-13,LATAM,"59,304.15","$42,343.16",28.6%,false,Fast shipping requested,
Cyberdyne Systems,00898,2024-01-26,EMEA,"-£52,536.92","$28,527.55",(45.7%),false,VIP client priority support,
Vandelay Industries,00029,2024-01-14,EMEA,"($47,446.65)","$37,625.19",(20.7%),N,Standard order,
Initech LLC,00256,2024-05-12,EMEA,"€63,598.55","$37,014.36",41.8%,false,,
Wayne Enterprises,00204,2024-01-22,LATAM,"27,886.17","$23,368.61",16.2%,No,Standard order,
Soylent Corp,00204,2024-03-08,EMEA,"£4,208.83","$3,223.96",23.4%,N,Standard order,
Vandelay Industries,00539,2024-04-21,LATAM,"€62,130.68","$32,245.82",48.1%,true,Fast shipping requested,
Soylent Corp,00392,2024-02-03,LATAM,"£64,297.16","$54,974.07",14.5%,Yes,Standard order,
Wayne Enterprises,00269,2024-03-01,LATAM,"$68,095.95","$48,756.70",28.4%,Y,Fast shipping requested,
Umbrella Corp,00731,2024-04-08,LATAM,"(55,339.76)","$43,386.37",(21.6%),No,VIP client priority support,
Stark Industries,00621,2024-06-20,North America,£899.39,$688.03,23.5%,Y,Account upgrade pending,
Initech LLC,00267,2024-02-13,LATAM,"€69,809.36","$61,362.43",12.1%,Y,Quarterly renewal,
Soylent Corp,00893,2024-03-12,APAC,"69,504.66","$33,848.77",51.3%,Y,Quarterly renewal,
Stark Industries,00755,2024-05-05,EMEA,"(41,897.77)","$35,948.29",(14.2%),Yes,Customer asked for $50 discount,
Initech LLC,00723,2024-04-29,LATAM,"-€9,143.79","$6,126.34",(33.0%),Yes,VIP client priority support,
Globex Inc,00867,2024-02-07,North America,"$26,545.52","$18,475.68",30.4%,No,Account upgrade pending,
Acme Corp,00539,2024-05-26,EMEA,"$31,523.21","$24,777.24",21.4%,N,VIP client priority support,
Stark Industries,00605,2024-01-28,APAC,"$11,956.27","$7,604.19",36.4%,Y,Customer asked for $50 discount,
Acme Corp,00672,2024-06-08,LATAM,"24,706.20","$19,987.32",19.1%,N,Account upgrade pending,
Hooli Inc,00391,2024-01-24,LATAM,"$19,509.71","$10,223.09",47.6%,Y,Customer asked for $50 discount,
Dunder Mifflin,00771,2024-06-16,EMEA,"9,484.85","$4,723.46",50.2%,false,Fast shipping requested,
Globex Inc,00853,2024-04-04,EMEA,"€36,976.92","$21,150.80",42.8%,Yes,VIP client priority support,
Dunder Mifflin,00437,2024-01-24,North America,"€38,743.94","$18,790.81",51.5%,N,Customer asked for $50 discount,
Soylent Corp,00448,2024-01-21,LATAM,"$22,879.30","$16,839.16",26.4%,N,Standard order,
Massive Dynamic,00111,2024-05-10,LATAM,"€31,269.95","$25,735.17",17.7%,Y,Standard order,
Vandelay Industries,00678,2024-04-28,EMEA,"-€59,070.19","$47,315.22",(19.9%),Yes,,
Dunder Mifflin,00461,2024-06-08,APAC,"25,929.41","$21,262.12",18.0%,Y,Account upgrade pending,
Acme Corp,00006,2024-04-11,North America,"€1,491.19",$861.91,42.2%,true,Account upgrade pending,
Wonka Industries,00998,2024-06-06,APAC,"€51,954.34","$44,420.96",14.5%,No,,
Acme Corp,00215,2024-05-03,EMEA,"€48,905.62","$44,357.40",9.3%,Yes,VIP client priority support,
Cyberdyne Systems,00023,2024-01-30,EMEA,"67,729.94","$44,498.57",34.3%,Y,Standard order,
Stark Industries,00009,2024-01-27,LATAM,"€73,471.78","$59,144.78",19.5%,Yes,Account upgrade pending,
Hooli Inc,00743,2024-06-05,LATAM,"$17,776.98","$16,319.27",8.2%,Y,VIP client priority support,
Globex Inc,00507,2024-06-08,APAC,"(33,900.24)","$24,238.67",(28.5%),Yes,Quarterly renewal,
Massive Dynamic,00225,2024-05-30,APAC,"€69,169.30","$32,509.57",53.0%,false,,
Soylent Corp,00819,2024-02-11,EMEA,"$21,543.06","$13,938.36",35.3%,Y,VIP client priority support,
Wayne Enterprises,00241,2024-02-23,North America,"$74,944.96","$40,170.50",46.4%,Y,,
Globex Inc,00346,2024-04-20,North America,"46,508.44","$25,951.71",44.2%,true,Quarterly renewal,
Wonka Industries,00707,2024-05-11,North America,"€53,127.17","$24,597.88",53.7%,N,,
Massive Dynamic,00043,2024-05-09,North America,"$12,944.95","$10,407.74",19.6%,Yes,Fast shipping requested,
Wonka Industries,00102,2024-02-09,APAC,"25,428.26","$14,366.97",N/A,false,Customer asked for $50 discount,
Massive Dynamic,00176,2024-01-22,APAC,"€28,246.51","$16,185.25",42.7%,No,Quarterly renewal,
Pied Piper,00440,2024-04-15,LATAM,"£67,405.86","$59,114.94",,N,Standard order,
Stark Industries,00323,2024-04-12,EMEA,"€32,838.38","$16,386.35",50.1%,true,VIP client priority support,
Cyberdyne Systems,00908,2024-06-23,APAC,—,-,50.0%,Yes,Fast shipping requested,
Cyberdyne Systems,00457,2024-06-13,EMEA,"£66,624.69","$33,712.09",49.4%,Y,,
Umbrella Corp,00903,2024-03-18,North America,"3,254.28","$2,245.45",31.0%,No,Standard order,
Massive Dynamic,00566,2024-03-20,APAC,"-$56,899.95","$37,212.57",(34.6%),No,,
Pied Piper,00312,2024-04-18,North America,"$55,032.97","$31,478.86",42.8%,Yes,Customer asked for $50 discount,
Hooli Inc,00755,2024-01-02,LATAM,"$25,754.03","$12,954.28",49.7%,No,Customer asked for $50 discount,
Wayne Enterprises,00292,2024-06-19,EMEA,"£53,719.15","$45,876.15",14.6%,Yes,Standard order,
Initech LLC,00729,2024-04-18,LATAM,"$6,605.06","$6,017.21",8.9%,Y,Account upgrade pending,
Massive Dynamic,00532,2024-04-11,APAC,"44,030.63","$25,713.89",41.6%,Yes,Quarterly renewal,
Massive Dynamic,00131,2024-05-04,LATAM,"£10,139.20","$7,229.25",28.7%,false,Standard order,
Hooli Inc,00873,2024-04-14,North America,"£9,504.55","$7,584.63",20.2%,true,VIP client priority support,
Acme Corp,00811,2024-02-06,EMEA,"(€58,892.54)","$49,587.52",(15.8%),Yes,Standard order,
Globex Inc,00561,2024-03-30,North America,"€65,346.78","$51,035.84",21.9%,Yes,,
Initech LLC,00517,2024-06-11,LATAM,"€57,245.07","$36,522.35",36.2%,Y,Quarterly renewal,
Cyberdyne Systems,00348,2024-05-18,North America,"71,876.92","$42,838.64",40.4%,true,Account upgrade pending,
Dunder Mifflin,00127,2024-06-13,North America,"14,835.79","$10,221.86",31.1%,Y,Standard order,
Dunder Mifflin,00959,2024-05-16,EMEA,"$72,197.07","$36,531.72",49.4%,false,VIP client priority support,
Hooli Inc,00047,2024-05-05,North America,"$25,826.76","$21,203.77",17.9%,N,Account upgrade pending,
Initech LLC,00293,2024-02-06,EMEA,"$19,538.81","$17,995.24",7.9%,Yes,Standard order,
Vandelay Industries,00060,2024-03-17,LATAM,"$7,856.44","$4,211.05",46.4%,No,Quarterly renewal,
Pied Piper,00612,2024-05-30,EMEA,"£37,226.97","$26,728.96",28.2%,Yes,Standard order,
Cyberdyne Systems,00649,2024-02-29,North America,"£20,552.40","$11,447.69",44.3%,Y,VIP client priority support,
Globex Inc,00867,2024-06-11,EMEA,"$58,824.68","$40,059.61",31.9%,Yes,Standard order,
Acme Corp,00833,2024-04-28,APAC,"($49,152.88)","$39,961.29",(18.7%),true,,
Dunder Mifflin,00390,2024-03-30,EMEA,"£44,094.36","$40,346.34",8.5%,N,,
Initech LLC,00743,2024-05-22,APAC,"$65,931.81","$40,152.47",39.1%,true,,
Vandelay Industries,00464,2024-03-10,EMEA,"$49,839.64","$46,948.94",5.8%,Y,Account upgrade pending,
Soylent Corp,00005,2024-01-03,EMEA,"€31,280.65","$19,550.41",37.5%,Y,,
Wonka Industries,00688,2024-04-23,North America,"€26,798.11","$15,167.73",43.4%,Y,Standard order,
Soylent Corp,00380,2024-02-19,LATAM,"$1,197.57","$1,022.72",14.6%,true,,
Vandelay Industries,00227,2024-02-29,LATAM,"$72,563.59","$61,316.23",15.5%,Y,Standard order,
Wonka Industries,00285,2024-05-25,LATAM,"$13,200.54","$8,804.76",33.3%,Yes,Fast shipping requested,
Globex Inc,00131,2024-03-07,EMEA,"66,134.73","$39,945.38",39.6%,true,Fast shipping requested,
Massive Dynamic,00905,2024-04-26,North America,"70,372.83","$52,568.50",25.3%,Yes,VIP client priority support,
Stark Industries,00530,2024-01-12,EMEA,"€3,998.87","$3,131.12",21.7%,Y,Fast shipping requested,
Umbrella Corp,00707,2024-04-18,North America,"$68,816.14","$62,072.16",9.8%,Y,Account upgrade pending,
Pied Piper,00642,2024-03-26,APAC,"€18,912.94","$14,808.83",21.7%,N,,
Hooli Inc,00635,2024-04-22,North America,"47,088.48","$35,834.33",23.9%,N,,
Initech LLC,00064,2024-04-23,North America,"-€22,959.60","$21,214.67",(7.6%),Y,VIP client priority support,
Globex Inc,00633,2024-04-15,EMEA,"(£64,911.41)","$33,104.82",(49.0%),N,Customer asked for $50 discount,
Dunder Mifflin,00961,2024-06-21,North America,"$34,328.72","$20,356.93",40.7%,No,Account upgrade pending,
Initech LLC,00653,2024-05-10,APAC,"€26,976.65","$14,864.13",44.9%,true,Account upgrade pending,
Cyberdyne Systems,00526,2024-06-15,APAC,"£23,683.52","$18,449.46",22.1%,Y,Account upgrade pending,
Hooli Inc,00674,2024-06-22,EMEA,"£4,770.16","$3,711.18",22.2%,No,,
Globex Inc,00350,2024-02-18,LATAM,"€52,261.23","$24,458.26",53.2%,Y,Customer asked for $50 discount,
Initech LLC,00108,2024-04-26,North America,"$37,446.84","$31,567.69",15.7%,false,,
Vandelay Industries,00385,2024-02-22,LATAM,"$14,226.22","$12,689.79",10.8%,No,Fast shipping requested,
Hooli Inc,00935,2024-04-02,North America,"73,160.54","$43,237.88",40.9%,No,Quarterly renewal,
Umbrella Corp,00023,2024-02-15,APAC,"$68,343.35","$34,650.08",49.3%,No,Customer asked for $50 discount,
Soylent Corp,00246,2024-04-04,APAC,"49,737.70","$25,415.96",48.9%,Yes,Quarterly renewal,
Pied Piper,00195,2024-02-19,LATAM,"$52,229.37","$48,416.63",7.3%,No,,
Massive Dynamic,00302,2024-02-08,APAC,"18,914.29","$9,589.55",49.3%,N,,
Soylent Corp,00810,2024-06-18,North America,"€12,973.80","$9,094.63",29.9%,false,Fast shipping requested,
Stark Industries,00539,2024-06-26,LATAM,"€53,815.92","$29,867.84",44.5%,No,Quarterly renewal,
Umbrella Corp,00463,2024-03-01,LATAM,"16,785.23","$12,807.13",23.7%,Yes,,
Globex Inc,00303,2024-04-23,APAC,"$17,648.23","$12,636.13",28.4%,Yes,Customer asked for $50 discount,
Wayne Enterprises,00392,2024-01-07,EMEA,"$33,405.79","$17,671.66",47.1%,N,,
Wayne Enterprises,00949,2024-02-28,North America,"(9,334.80)","$5,712.90",(38.8%),true,Customer asked for $50 discount,
Vandelay Industries,00836,2024-06-23,APAC,"£14,702.86","$8,527.66",42.0%,Y,,
Wayne Enterprises,00289,2024-03-29,LATAM,#VALUE!,-,30.6%,Yes,,
Cyberdyne Systems,00234,2024-02-28,EMEA,"£35,845.65","$19,464.19",45.7%,N,Customer asked for $50 discount,
Wonka Industries,00193,2024-04-19,LATAM,N/A,-,33.9%,Y,VIP client priority support,
Pied Piper,00675,2024-03-31,APAC,"€17,299.05","$11,780.65",31.9%,Y,Account upgrade pending,
Pied Piper,00033,2024-02-05,EMEA,"73,304.63","$48,600.97",33.7%,Y,Quarterly renewal,
Cyberdyne Systems,00066,2024-05-16,LATAM,"$14,531.23","$11,595.92",20.2%,Yes,Standard order,
Wonka Industries,00706,2024-06-03,LATAM,"($2,499.47)","$2,117.05",(15.3%),true,Fast shipping requested,
Massive Dynamic,00072,2024-04-26,North America,"$27,964.59","$24,357.16",12.9%,Y,VIP client priority support,
Vandelay Industries,00071,2024-04-09,EMEA,"$10,179.96","$8,866.75",12.9%,true,Account upgrade pending,
Umbrella Corp,00515,2024-06-24,LATAM,"21,020.35","$13,621.19",35.2%,false,Account upgrade pending,
Soylent Corp,00472,2024-04-28,North America,"$55,428.16","$29,321.50",47.1%,Y,Account upgrade pending,
Wonka Industries,00830,2024-02-14,LATAM,"19,060.54","$16,353.94",14.2%,Y,Fast shipping requested,
Acme Corp,00246,2024-02-10,APAC,"£66,250.41","$39,021.49",41.1%,Yes,VIP client priority support,
Pied Piper,00567,2024-02-01,APAC,"$6,201.76","$5,383.13",13.2%,Y,VIP client priority support,
Acme Corp,00075,2024-06-12,LATAM,"€28,896.09","$25,804.21",10.7%,false,Fast shipping requested,
Vandelay Industries,00476,2024-05-04,LATAM,"£5,583.67","$3,992.32",28.5%,Yes,Quarterly renewal,
Wonka Industries,00019,2024-06-04,North America,"$13,704.13","$7,783.95",43.2%,Yes,VIP client priority support,
Stark Industries,00183,2024-02-25,North America,"67,005.23","$36,450.85",45.6%,N,VIP client priority support,
Vandelay Industries,00316,2024-04-23,North America,"45,066.30","$34,385.59",23.7%,N,Standard order,
Cyberdyne Systems,00029,2024-01-04,APAC,"$61,629.23","$32,971.64",46.5%,Yes,Standard order,
Cyberdyne Systems,00525,2024-01-28,APAC,"$24,539.63","$18,061.17",26.4%,N,Customer asked for $50 discount,
Stark Industries,00178,2024-01-04,LATAM,"$49,222.46","$26,678.57",45.8%,false,Standard order,
Globex Inc,00907,2024-02-25,LATAM,"£22,964.30","$12,722.22",44.6%,Yes,Customer asked for $50 discount,
Globex Inc,00615,2024-03-24,LATAM,"51,003.59","$40,343.84",20.9%,Yes,Standard order,
Stark Industries,00019,2024-06-04,LATAM,"$28,986.67","$27,218.48",6.1%,N,Customer asked for $50 discount,
Umbrella Corp,00756,2024-04-19,EMEA,"$46,672.58","$35,564.51",23.8%,No,Fast shipping requested,
Hooli Inc,00969,2024-04-23,APAC,"$10,502.89","$4,841.83",53.9%,true,,
Acme Corp,00235,2024-03-25,APAC,"(18,547.55)","$10,182.60",(45.1%),No,Account upgrade pending,
Wonka Industries,00391,2024-05-13,APAC,"(14,174.14)","$13,096.91",(7.6%),Yes,Quarterly renewal,
Initech LLC,00094,2024-02-14,EMEA,"$18,105.10","$15,407.44",14.9%,No,Customer asked for $50 discount,
Wayne Enterprises,00591,2024-04-24,EMEA,"€20,753.63","$17,972.64",13.4%,Y,,
Initech LLC,00840,2024-05-03,North America,"57,263.73","$37,335.95",34.8%,Yes,Customer asked for $50 discount,
Cyberdyne Systems,00475,2024-03-19,LATAM,"£21,600.32","$15,444.23",28.5%,No,Standard order,
Acme Corp,00883,2024-05-08,APAC,"€37,113.30","$26,164.88",29.5%,N,VIP client priority support,
Acme Corp,00944,2024-02-01,LATAM,"$69,943.65","$34,482.22",50.7%,Yes,Fast shipping requested,
Vandelay Industries,00378,2024-06-27,North America,"€48,992.52","$26,602.94",45.7%,Y,Fast shipping requested,
Dunder Mifflin,00661,2024-02-07,APAC,"45,604.95","$24,125.02",-,Y,VIP client priority support,
Vandelay Industries,00601,2024-01-21,EMEA,"$65,762.46","$30,645.31",53.4%,Y,Account upgrade pending,
Wayne Enterprises,00752,2024-04-15,North America,"£8,640.92","$4,977.17",42.4%,Y,Fast shipping requested,
Wayne Enterprises,00007,2024-02-13,LATAM,$617.60,$497.79,19.4%,Yes,Customer asked for $50 discount,
Initech LLC,00721,2024-02-04,EMEA,"36,742.11","$31,487.99",14.3%,Yes,,
Pied Piper,00197,2024-03-07,LATAM,"£33,334.42","$30,234.32",9.3%,N,Customer asked for $50 discount,
Acme Corp,00600,2024-03-01,LATAM,"(36,646.98)","$22,611.19",(38.3%),Y,Standard order,
Umbrella Corp,00535,2024-01-02,LATAM,"$45,422.37","$33,385.44",26.5%,false,Customer asked for $50 discount,
Wonka Industries,00246,2024-04-02,LATAM,"28,693.46","$27,201.40",5.2%,Y,Fast shipping requested,
Wonka Industries,00910,2024-02-05,North America,"45,342.23","$34,732.15",23.4%,Yes,Account upgrade pending,
Cyberdyne Systems,00677,2024-02-18,North America,"(73,970.51)","$34,396.29",(53.5%),false,Fast shipping requested,
Soylent Corp,00240,2024-06-04,LATAM,"30,312.31","$14,519.60",52.1%,N,Fast shipping requested,
Cyberdyne Systems,00301,2024-06-04,EMEA,"£53,539.68","$50,006.06",6.6%,N,Customer asked for $50 discount,
Wonka Industries,00690,2024-05-20,LATAM,"€13,019.94","$10,780.51",17.2%,N,Standard order,
Cyberdyne Systems,00733,2024-01-08,EMEA,"$69,710.76","$57,232.53",17.9%,N,Fast shipping requested,
Initech LLC,00945,2024-05-16,LATAM,"$7,237.91","$4,704.64",35.0%,Y,Fast shipping requested,
Vandelay Industries,00754,2024-04-07,LATAM,"$60,729.34","$47,368.89",22.0%,No,Fast shipping requested,
Globex Inc,00587,2024-04-04,EMEA,-,-,34.5%,Y,VIP client priority support,
Stark Industries,00790,2024-04-03,EMEA,"£39,221.48","$20,552.06",47.6%,true,,
Umbrella Corp,00512,2024-06-23,LATAM,"11,483.19","$6,878.43",40.1%,true,Account upgrade pending,
Vandelay Industries,00127,2024-03-11,LATAM,"$47,515.24","$21,809.50",54.1%,No,,
Vandelay Industries,00957,2024-02-27,North America,"$69,275.26","$37,547.19",45.8%,Yes,Standard order,
Massive Dynamic,00402,2024-03-27,LATAM,"$51,003.45","$41,210.79",19.2%,No,Fast shipping requested,
Wonka Industries,00562,2024-04-10,North America,"10,252.10","$8,181.18",20.2%,Yes,VIP client priority support,
Vandelay Industries,00495,2024-03-15,EMEA,#VALUE!,-,47.8%,Yes,VIP client priority support,
Cyberdyne Systems,00696,2024-02-13,North America,"7,655.56","$4,784.73",37.5%,Yes,Fast shipping requested,
Vandelay Industries,00414,2024-03-03,North America,"9,350.79","$5,834.89",37.6%,N,,
Soylent Corp,00886,2024-06-15,LATAM,"€21,003.59","$14,807.53",29.5%,No,Standard order,
,,,,,,,,,
Hooli Inc,00587,2024-05-26,LATAM,"$20,892.50","$13,120.49",37.2%,Yes,Standard order,
Stark Industries,00066,2024-05-17,EMEA,"$30,697.12","$21,027.53",31.5%,N,,
Pied Piper,00213,2024-06-17,North America,None,-,45.0%,Yes,Account upgrade pending,
Umbrella Corp,00669,2024-02-11,North America,"$42,405.97","$19,803.59",53.3%,Y,Quarterly renewal,
Wayne Enterprises,00048,2024-05-12,APAC,"€49,607.24","$24,555.58",50.5%,No,Fast shipping requested,
Globex Inc,00679,2024-01-12,EMEA,"3,236.68","$2,100.61",35.1%,false,Customer asked for $50 discount,
Initech LLC,00747,2024-06-08,LATAM,"$6,039.79","$4,360.73",27.8%,Y,Fast shipping requested,
Initech LLC,00549,2024-02-22,North America,"$47,402.83","$36,215.76",23.6%,Yes,VIP client priority support,
Wonka Industries,00158,2024-03-21,LATAM,"£28,731.17","$17,468.55",39.2%,false,Fast shipping requested,
Globex Inc,00372,2024-03-26,APAC,"11,401.56","$9,565.91",16.1%,N,Quarterly renewal,
Massive Dynamic,00746,2024-03-19,LATAM,"$7,617.77","$4,921.08",35.4%,Yes,Customer asked for $50 discount,
Pied Piper,00399,2024-02-16,APAC,"£60,553.33","$39,601.88",34.6%,Yes,Fast shipping requested,
Initech LLC,00147,2024-04-06,APAC,"$4,438.41","$2,649.73",40.3%,false,,
Soylent Corp,00515,2024-03-14,APAC,"71,469.92","$56,961.53",20.3%,true,VIP client priority support,
Pied Piper,00321,2024-01-24,North America,"$6,213.64","$3,591.48",42.2%,Yes,,
Wonka Industries,00011,2024-04-18,EMEA,"£36,234.37","$32,176.12",-,Y,Fast shipping requested,
Cyberdyne Systems,00720,2024-05-16,APAC,"£18,694.86","$16,189.75",13.4%,No,Quarterly renewal,
Globex Inc,00376,2024-02-04,APAC,"71,460.03","$55,810.28",21.9%,N,Customer asked for $50 discount,
Wayne Enterprises,00495,2024-03-16,APAC,"16,373.41","$7,695.50",53.0%,Y,VIP client priority support,
Hooli Inc,00869,2024-05-04,North America,"£27,002.93","$20,927.27",22.5%,Y,Customer asked for $50 discount,
Acme Corp,00104,2024-04-20,LATAM,"£15,217.06","$10,743.24",29.4%,true,Quarterly renewal,
Soylent Corp,00405,2024-04-05,APAC,"27,654.93","$17,201.37",37.8%,Yes,Customer asked for $50 discount,
Vandelay Industries,00445,2024-01-02,APAC,"$66,326.43","$49,015.23",26.1%,Y,Quarterly renewal,
Dunder Mifflin,00204,2024-05-02,APAC,"€9,350.03","$7,367.82",21.2%,Y,Account upgrade pending,
Vandelay Industries,00946,2024-04-09,EMEA,"$8,675.09","$8,180.61",5.7%,Y,Fast shipping requested,
Wonka Industries,00351,2024-04-19,North America,"$32,857.47","$21,061.64",35.9%,Yes,Quarterly renewal,
Wayne Enterprises,00786,2024-01-30,APAC,"$74,572.15","$41,685.83",44.1%,Yes,Quarterly renewal,
Wonka Industries,00606,2024-06-10,EMEA,"$17,589.12","$15,425.66",-,N,,
Acme Corp,00390,2024-04-14,APAC,"$52,661.84","$38,759.11",26.4%,N,Customer asked for $50 discount,
Stark Industries,00288,2024-03-30,LATAM,#VALUE!,-,42.2%,Yes,Customer asked for $50 discount,
Hooli Inc,00104,2024-04-20,EMEA,"€19,293.60","$18,193.86",5.7%,Yes,Customer asked for $50 discount,
Stark Industries,00760,2024-04-02,APAC,"18,249.79","$16,151.06",11.5%,N,Standard order,
Hooli Inc,00992,2024-06-16,EMEA,"€14,873.10","$11,586.14",22.1%,No,Account upgrade pending,
Vandelay Industries,00158,2024-01-12,EMEA,"£14,782.15","$7,790.19",47.3%,false,Customer asked for $50 discount,
Soylent Corp,00645,2024-01-31,LATAM,"€5,544.28","$4,806.89",13.3%,Yes,Customer asked for $50 discount,
Acme Corp,00979,2024-05-24,North America,"$59,682.08","$30,736.27",48.5%,Yes,VIP client priority support,
Pied Piper,00522,2024-04-08,LATAM,,-,15.9%,Yes,Account upgrade pending,
Vandelay Industries,00738,2024-05-14,APAC,"$23,104.06","$19,361.20",16.2%,true,Standard order,
Dunder Mifflin,00152,2024-03-12,EMEA,"20,647.40","$14,102.17",N/A,false,Customer asked for $50 discount,
Globex Inc,00970,2024-06-29,APAC,"54,294.93","$34,585.87",N/A,No,Fast shipping requested,
Wayne Enterprises,00181,2024-03-06,North America,"£40,535.46","$25,253.59",37.7%,No,,
Soylent Corp,00226,2024-03-24,APAC,"€15,691.94","$12,020.03",23.4%,N,VIP client priority support,
Initech LLC,00471,2024-02-17,EMEA,"€14,570.06","$11,583.20",20.5%,Y,Fast shipping requested,
Hooli Inc,00193,2024-01-18,EMEA,"$5,867.63","$3,450.17",41.2%,Y,Account upgrade pending,
Globex Inc,00387,2024-04-08,North America,"$8,697.65","$7,184.26",17.4%,Yes,Fast shipping requested,
Hooli Inc,00014,2024-01-03,North America,"$40,906.58","$23,316.75",43.0%,Yes,Customer asked for $50 discount,
Stark Industries,00491,2024-02-09,EMEA,"4,662.73","$4,191.79",10.1%,Y,Quarterly renewal,
Acme Corp,00935,2024-02-27,North America,"€17,387.30","$8,884.91",48.9%,N,VIP client priority support,
Initech LLC,00113,2024-02-27,North America,"$71,756.75","$35,017.29",51.2%,Y,Account upgrade pending,
Initech LLC,00183,2024-04-19,APAC,"€45,171.06","$24,437.54",45.9%,N,Customer asked for $50 discount,
Soylent Corp,00678,2024-04-04,APAC,"60,898.60","$34,164.11",43.9%,Yes,VIP client priority support,
Soylent Corp,00739,2024-05-02,North America,"€8,930.72","$4,045.62",54.7%,Y,Customer asked for $50 discount,
Stark Industries,00507,2024-04-18,LATAM,"€52,159.85","$24,932.41",52.2%,Y,VIP client priority support,
Massive Dynamic,00510,2024-05-17,LATAM,"$40,169.35","$26,551.94",33.9%,No,Fast shipping requested,
Globex Inc,00241,2024-04-02,North America,"$15,644.34","$14,001.68",10.5%,false,,
Wonka Industries,00888,2024-02-05,APAC,"£34,798.93","$18,652.23",46.4%,Yes,Standard order,
Vandelay Industries,00721,2024-02-06,LATAM,"€55,114.57","$50,319.60",8.7%,Yes,Standard order,
Initech LLC,00375,2024-02-06,North America,"$18,755.91","$16,111.33",14.1%,true,VIP client priority support,
Cyberdyne Systems,00740,2024-03-27,LATAM,"58,714.07","$54,838.94",6.6%,Yes,Standard order,
Cyberdyne Systems,00853,2024-04-18,LATAM,"$41,784.62","$30,837.05",26.2%,N,Account upgrade pending,
Cyberdyne Systems,00974,2024-02-02,EMEA,"$30,329.98","$20,321.09",33.0%,Yes,VIP client priority support,
Stark Industries,00669,2024-06-13,LATAM,"($62,130.40)","$52,997.23",(14.7%),N,Standard order,
Globex Inc,00372,2024-06-03,APAC,"$2,589.64","$2,447.21",5.5%,No,Account upgrade pending,
Umbrella Corp,00654,2024-01-09,EMEA,"£20,553.02","$19,052.65",7.3%,true,Standard order,
Stark Industries,00770,2024-03-13,LATAM,"37,766.10","$22,621.89",40.1%,Y,Fast shipping requested,
Massive Dynamic,00104,2024-05-08,EMEA,"€2,264.56","$1,967.90",13.1%,N,Fast shipping requested,
Globex Inc,00976,2024-02-29,EMEA,"60,656.96","$41,974.62",30.8%,false,VIP client priority support,
Pied Piper,00135,2024-03-27,APAC,"-€27,343.57","$20,671.74",(24.4%),No,Account upgrade pending,
Hooli Inc,00077,2024-02-09,LATAM,"$7,756.75","$3,614.65",53.4%,N,VIP client priority support,
Globex Inc,00466,2024-03-21,EMEA,"($70,087.17)","$63,428.89",(9.5%),Yes,Fast shipping requested,
Pied Piper,00472,2024-03-07,LATAM,"€73,397.04","$48,882.43",N/A,Y,VIP client priority support,
Wonka Industries,00635,2024-06-23,EMEA,"£33,341.66","$20,305.07",39.1%,true,Fast shipping requested,
Acme Corp,00636,2024-06-13,North America,"$55,707.67","$49,969.78",10.3%,Y,,
Globex Inc,00229,2024-04-09,LATAM,"50,351.72","$36,152.53",28.2%,N,VIP client priority support,
Pied Piper,00444,2024-02-21,LATAM,"$24,989.69","$14,469.03",42.1%,Yes,Standard order,
Massive Dynamic,00160,2024-04-30,EMEA,"$48,196.12","$44,292.23",8.1%,Y,VIP client priority support,
Umbrella Corp,00056,2024-02-24,North America,"€71,472.05","$65,396.93",8.5%,true,,
Vandelay Industries,00463,2024-04-17,EMEA,"50,388.51","$37,085.94",26.4%,true,Quarterly renewal,
Umbrella Corp,00358,2024-04-17,LATAM,"35,924.71","$23,889.93",33.5%,No,Standard order,
Vandelay Industries,00684,2024-05-28,EMEA,"(24,618.08)","$17,232.66",(30.0%),false,Standard order,
Pied Piper,00994,2024-06-21,LATAM,"20,078.80","$12,709.88",36.7%,N,Standard order,
Umbrella Corp,00764,2024-02-18,LATAM,"$52,385.23","$44,736.99",14.6%,Y,Customer asked for $50 discount,
Wonka Industries,00373,2024-01-05,APAC,"£67,300.79","$30,285.36",55.0%,false,Customer asked for $50 discount,
Wonka Industries,00556,2024-04-19,APAC,"$8,946.81","$7,774.78",13.1%,true,,
Dunder Mifflin,00706,2024-06-23,LATAM,"£47,740.99","$43,253.34",9.4%,N,Fast shipping requested,
Acme Corp,00632,2024-04-15,North America,"£37,482.17","$24,700.75",N/A,Y,Quarterly renewal,
Umbrella Corp,00796,2024-04-26,LATAM,"€9,030.33","$6,483.78",28.2%,Y,Standard order,
Stark Industries,00801,2024-02-27,APAC,"20,436.88","$12,527.81",N/A,Y,Standard order,
Acme Corp,00158,2024-04-05,APAC,"25,464.20","$21,746.43",14.6%,Y,,
Hooli Inc,00440,2024-02-02,LATAM,"$73,312.99","$61,216.35",16.5%,Yes,Account upgrade pending,
Globex Inc,00647,2024-05-27,LATAM,"$63,305.79","$57,165.13",-,Yes,Standard order,
Hooli Inc,00725,2024-05-19,North America,"$43,098.64","$27,324.54",36.6%,No,Fast shipping requested,
Umbrella Corp,00305,2024-02-19,EMEA,"€54,610.29","$26,376.77",51.7%,N,Standard order,
Soylent Corp,00950,2024-06-01,North America,"$8,477.21","$4,475.97",47.2%,No,VIP client priority support,
Globex Inc,00503,2024-01-06,LATAM,"5,981.41","$3,786.23",36.7%,Yes,Quarterly renewal,
Wayne Enterprises,00011,2024-02-15,North America,"$9,231.93","$6,250.02",32.3%,true,Standard order,
Umbrella Corp,00621,2024-01-08,North America,"39,090.62","$36,549.73",6.5%,N,Fast shipping requested,
Vandelay Industries,00963,2024-02-02,APAC,"$20,888.15","$16,773.18",19.7%,Yes,VIP client priority support,
Massive Dynamic,00970,2024-04-12,EMEA,"$19,131.94","$14,425.48",24.6%,true,Quarterly renewal,
Pied Piper,00211,2024-05-04,LATAM,"€66,272.87","$59,380.49",10.4%,No,Account upgrade pending,
Stark Industries,00383,2024-06-10,North America,"$33,980.55","$22,019.40",35.2%,false,VIP client priority support,
Acme Corp,00118,2024-02-16,APAC,"$32,489.32","$24,821.84",23.6%,N,Standard order,
Stark Industries,00705,2024-01-03,APAC,"£16,426.05","$12,434.52",24.3%,No,Standard order,
Massive Dynamic,00285,2024-06-04,North America,"43,259.16","$36,813.55",N/A,Yes,Standard order,
Wayne Enterprises,00432,2024-01-31,North America,"£34,232.49","$27,625.62",19.3%,Y,VIP client priority support,
Wayne Enterprises,00135,2024-04-13,North America,"(67,239.30)","$48,076.10",(28.5%),Y,Fast shipping requested,
Wayne Enterprises,00282,2024-03-22,APAC,"£30,325.65","$24,290.85",19.9%,Yes,,
Dunder Mifflin,00991,2024-02-01,APAC,"(70,358.93)","$61,986.22",(11.9%),false,,
Vandelay Industries,00742,2024-04-21,EMEA,"13,179.26","$8,975.08",,Y,Customer asked for $50 discount,
Pied Piper,00045,2024-01-29,North America,"$71,062.29","$54,007.34",24.0%,Yes,Account upgrade pending,
Soylent Corp,00123,2024-02-02,APAC,"£64,711.17","$47,045.02",27.3%,No,Account upgrade pending,
Soylent Corp,00678,2024-05-05,APAC,"€24,482.40","$22,254.50",9.1%,No,Fast shipping requested,
Dunder Mifflin,00753,2024-02-22,North America,N/A,-,(28.4%),Y,Quarterly renewal,
Soylent Corp,00108,2024-03-28,EMEA,"61,142.66","$36,441.03",40.4%,N,Quarterly renewal,
Umbrella Corp,00939,2024-04-03,LATAM,"£73,142.32","$59,318.42",18.9%,true,,
Hooli Inc,00664,2024-01-27,EMEA,"34,841.08","$29,823.96",,Yes,Customer asked for $50 discount,
Wayne Enterprises,00122,2024-05-20,North America,"$26,904.80","$24,833.13",7.7%,N,Standard order,
Dunder Mifflin,00392,2024-04-18,EMEA,"€22,403.44","$15,480.78",30.9%,Y,Fast shipping requested,
Umbrella Corp,00982,2024-01-29,EMEA,"$9,081.50","$7,374.18",18.8%,Y,VIP client priority support,
Cyberdyne Systems,00104,2024-02-26,APAC,"$37,390.29","$24,378.47",34.8%,N,Quarterly renewal,
Massive Dynamic,00930,2024-06-28,LATAM,"$55,562.26","$43,560.81",21.6%,Y,Fast shipping requested,
Soylent Corp,00439,2024-03-26,North America,"$13,724.87","$12,970.00",5.5%,Yes,Account upgrade pending,
Acme Corp,00501,2024-03-04,LATAM,"8,649.26","$5,942.04",31.3%,Yes,,
Globex Inc,00103,2024-03-18,APAC,"$34,219.92","$26,280.90",N/A,true,Fast shipping requested,
Stark Industries,00913,2024-05-12,LATAM,None,-,47.8%,Yes,Customer asked for $50 discount,
Soylent Corp,00032,2024-03-03,LATAM,"$27,276.78","$12,738.26",53.3%,Yes,Account upgrade pending,
Initech LLC,00272,2024-06-22,APAC,"€66,655.62","$56,990.56",14.5%,false,,
Hooli Inc,00126,2024-04-20,LATAM,"$42,716.35","$25,928.82",39.3%,Yes,Account upgrade pending,
Wayne Enterprises,00639,2024-05-22,EMEA,"($23,121.60)","$21,503.09",(7.0%),true,,
Hooli Inc,00127,2024-01-14,LATAM,"€23,283.70","$20,512.94",11.9%,Yes,Standard order,
Vandelay Industries,00278,2024-02-06,EMEA,—,-,17.4%,Y,VIP client priority support,
Cyberdyne Systems,00991,2024-01-26,APAC,"£69,054.46","$54,483.97",21.1%,No,Customer asked for $50 discount,
Initech LLC,00427,2024-05-21,EMEA,"$22,929.14","$19,673.20",14.2%,Y,Standard order,
Initech LLC,00540,2024-04-23,APAC,"$38,034.23","$28,335.50",,Y,,
Cyberdyne Systems,00091,2024-02-05,APAC,"£59,104.09","$39,422.43",33.3%,Y,Quarterly renewal,
Cyberdyne Systems,00687,2024-01-02,LATAM,"£60,657.34","$32,451.68",46.5%,false,Account upgrade pending,
Globex Inc,00842,2024-03-15,LATAM,"$51,949.17","$30,753.91",40.8%,Yes,Account upgrade pending,
Vandelay Industries,00991,2024-05-06,EMEA,"17,154.00","$16,244.84",5.3%,No,Standard order,
Globex Inc,00001,2024-02-09,North America,"39,226.78","$28,557.10",27.2%,N,Customer asked for $50 discount,
Cyberdyne Systems,00496,2024-02-17,EMEA,"£63,208.20","$39,252.29",37.9%,Yes,Fast shipping requested,
Acme Corp,00190,2024-02-06,EMEA,"£13,222.77","$11,900.49",10.0%,false,Fast shipping requested,
Wayne Enterprises,00401,2024-04-08,North America,"€35,065.30","$26,474.30",24.5%,Y,Fast shipping requested,
Dunder Mifflin,00915,2024-06-17,LATAM,"$3,676.07","$2,984.97",18.8%,false,Account upgrade pending,
Wonka Industries,00882,2024-05-08,EMEA,"£26,488.14","$20,501.82",22.6%,false,VIP client priority support,
Vandelay Industries,00880,2024-02-05,APAC,"58,979.59","$41,757.55",29.2%,Yes,Account upgrade pending,
Vandelay Industries,00950,2024-05-09,APAC,"$10,141.94","$5,425.94",46.5%,Y,,
Vandelay Industries,00163,2024-02-29,North America,"€50,061.94","$22,978.43",54.1%,No,Standard order,
Initech LLC,00746,2024-04-08,LATAM,"69,217.00","$63,264.34",8.6%,Y,Quarterly renewal,
Stark Industries,00111,2024-06-27,LATAM,"£28,633.36","$17,494.98",38.9%,Yes,VIP client priority support,
Wonka Industries,00542,2024-02-19,North America,"43,867.04","$33,777.62",23.0%,N,Customer asked for $50 discount,
Initech LLC,00699,2024-06-13,LATAM,"$14,665.20","$9,400.39",35.9%,Yes,,
Globex Inc,00450,2024-04-19,LATAM,"(£65,611.28)","$59,050.15",(10.0%),Yes,Quarterly renewal,
Acme Corp,00616,2024-05-18,APAC,"$2,179.41","$1,996.34",8.4%,true,Standard order,
Massive Dynamic,00590,2024-03-02,APAC,"$30,241.86","$14,576.58",51.8%,Y,Standard order,
Stark Industries,00432,2024-03-07,EMEA,"$25,423.32","$12,406.58",51.2%,Y,Quarterly renewal,
Soylent Corp,00075,2024-05-24,North America,"$26,265.50","$23,901.60",9.0%,Yes,Customer asked for $50 discount,
Vandelay Industries,00043,2024-01-27,North America,"$37,496.46","$19,685.64",47.5%,Y,Standard order,
Acme Corp,00793,2024-02-20,LATAM,"$51,304.62","$30,885.38",39.8%,Y,Account upgrade pending,
Initech LLC,00119,2024-04-22,North America,"67,337.43","$55,957.40",16.9%,Y,Quarterly renewal,
Cyberdyne Systems,00766,2024-05-17,North America,"$74,324.94","$68,527.59",7.8%,true,Standard order,
Stark Industries,00359,2024-06-03,EMEA,"$74,857.62","$68,270.15",8.8%,No,VIP client priority support,
Vandelay Industries,00753,2024-04-01,EMEA,"$33,543.87","$20,897.83",37.7%,true,Customer asked for $50 discount,
Vandelay Industries,00555,2024-05-08,North America,"€4,522.82","$3,835.35",15.2%,No,Customer asked for $50 discount,
Vandelay Industries,00567,2024-02-23,North America,"($28,243.05)","$17,651.91",(37.5%),Yes,Standard order,
Acme Corp,00511,2024-01-09,APAC,"€21,208.57","$11,092.08",47.7%,Y,,
Cyberdyne Systems,00394,2024-04-23,North America,"€17,221.41","$13,725.46",20.3%,false,Standard order,
Hooli Inc,00773,2024-03-27,APAC,#VALUE!,-,46.5%,Y,,
Vandelay Industries,00951,2024-01-15,North America,"$41,720.42","$27,702.36",33.6%,true,Quarterly renewal,
Cyberdyne Systems,00479,2024-03-01,EMEA,"$68,124.59","$56,202.79",17.5%,false,Account upgrade pending,
Cyberdyne Systems,00040,2024-06-06,APAC,"$27,446.27","$24,372.29",11.2%,false,,
Wayne Enterprises,00868,2024-02-15,LATAM,—,-,(29.0%),No,VIP client priority support,
Acme Corp,00594,2024-01-21,APAC,"£67,329.80","$38,176.00",43.3%,Yes,Quarterly renewal,
Umbrella Corp,00646,2024-02-14,EMEA,"$65,407.32","$45,588.90",30.3%,false,Standard order,
Massive Dynamic,00735,2024-02-28,North America,—,-,-,false,Standard order,
Globex Inc,00520,2024-04-23,North America,"38,572.15","$23,490.44",39.1%,Y,Customer asked for $50 discount,
Initech LLC,00026,2024-03-24,APAC,"25,456.44","$20,441.52",N/A,Y,Customer asked for $50 discount,
Initech LLC,00934,2024-05-31,North America,"$8,414.29","$5,856.35",30.4%,false,Quarterly renewal,
Cyberdyne Systems,00851,2024-05-29,North America,"$49,450.92","$45,049.79",8.9%,No,Account upgrade pending,
Massive Dynamic,00589,2024-06-10,LATAM,"$40,653.07","$29,026.29",28.6%,Yes,Customer asked for $50 discount,
Wayne Enterprises,00200,2024-05-27,APAC,"$68,374.68","$49,366.52",27.8%,N,Fast shipping requested,
Umbrella Corp,00456,2024-04-14,APAC,"£6,436.91","$4,164.68",35.3%,Y,Quarterly renewal,
Hooli Inc,00848,2024-02-02,EMEA,"€58,345.40","$32,206.66",44.8%,N,Standard order,
Cyberdyne Systems,00432,2024-05-09,EMEA,"$43,412.88","$38,637.46",11.0%,Yes,Fast shipping requested,
Globex Inc,00130,2024-01-09,LATAM,"2,282.89","$1,120.90",50.9%,false,Quarterly renewal,
Cyberdyne Systems,00714,2024-05-22,EMEA,"$53,542.77","$34,588.63",35.4%,Y,Standard order,
Vandelay Industries,00943,2024-03-31,LATAM,"€68,345.23","$41,007.14",40.0%,N,Quarterly renewal,
Acme Corp,00608,2024-05-31,APAC,"€50,706.08","$33,263.19",34.4%,N,Quarterly renewal,
Wayne Enterprises,00506,2024-03-28,North America,"£42,527.78","$33,554.42",21.1%,Yes,Quarterly renewal,
Acme Corp,00834,2024-02-23,LATAM,"£39,175.56","$33,965.21",13.3%,Yes,VIP client priority support,
Umbrella Corp,00907,2024-02-13,APAC,"70,470.76","$43,480.46",38.3%,No,Account upgrade pending,
Wonka Industries,00521,2024-02-13,North America,"$45,080.17","$42,690.92",5.3%,Y,Customer asked for $50 discount,
Umbrella Corp,00289,2024-05-26,LATAM,"55,040.66","$32,584.07",40.8%,N,VIP client priority support,
Cyberdyne Systems,00506,2024-03-08,North America,"$64,905.45","$59,063.96",9.0%,N,Customer asked for $50 discount,
Initech LLC,00520,2024-03-26,APAC,"£34,283.07","$17,278.67",-,false,Quarterly renewal,
Wonka Industries,00572,2024-06-18,North America,"71,214.10","$59,819.84",16.0%,Yes,Quarterly renewal,
Soylent Corp,00834,2024-02-17,LATAM,"$21,553.68","$12,673.56",41.2%,Y,Standard order,
Soylent Corp,00572,2024-06-05,EMEA,"$53,394.29","$35,133.44",34.2%,Yes,Account upgrade pending,
Dunder Mifflin,00978,2024-02-16,APAC,"$63,131.54","$41,098.63",34.9%,true,Standard order,
Umbrella Corp,00116,2024-03-14,LATAM,"$72,717.48","$34,322.65",52.8%,false,Fast shipping requested,
Cyberdyne Systems,00722,2024-02-02,LATAM,"€63,089.00","$51,480.62",18.4%,Y,Standard order,
Massive Dynamic,00791,2024-03-23,APAC,"€50,786.68","$25,088.62",50.6%,No,Customer asked for $50 discount,
Dunder Mifflin,00839,2024-01-12,APAC,"$33,848.91","$21,561.76",36.3%,false,Quarterly renewal,
Hooli Inc,00553,2024-01-06,North America,"$60,279.76","$34,178.62",43.3%,Y,Account upgrade pending,
Umbrella Corp,00371,2024-05-17,EMEA,"£73,898.69","$64,217.96",13.1%,Y,Quarterly renewal,
Massive Dynamic,00751,2024-03-04,North America,"$3,187.59","$1,765.92",N/A,true,Standard order,
Umbrella Corp,00647,2024-06-25,EMEA,"$3,016.46","$1,631.90",45.9%,N,Standard order,
Globex Inc,00517,2024-06-29,LATAM,"£2,001.49","$1,108.83",44.6%,true,,
Stark Industries,00436,2024-05-11,North America,"€23,010.47","$16,429.48",28.6%,N,Quarterly renewal,
Cyberdyne Systems,00575,2024-03-12,LATAM,"21,689.51","$12,710.05",41.4%,N,VIP client priority support,
Umbrella Corp,00592,2024-01-07,LATAM,"€57,954.83","$45,436.59",21.6%,N,Standard order,
Massive Dynamic,00174,2024-02-23,LATAM,"$44,709.01","$26,288.90",41.2%,No,Standard order,
Pied Piper,00506,2024-03-05,LATAM,#VALUE!,-,33.3%,Y,Customer asked for $50 discount,
Vandelay Industries,00215,2024-05-23,LATAM,"$41,146.36","$29,172.77",29.1%,N,Standard order,
Cyberdyne Systems,00717,2024-01-20,LATAM,"$9,982.55","$7,297.24",26.9%,Y,VIP client priority support,
Soylent Corp,00175,2024-06-09,LATAM,-,-,26.8%,true,Account upgrade pending,
Stark Industries,00630,2024-04-05,EMEA,"11,043.06","$8,436.90",23.6%,Yes,VIP client priority support,
Umbrella Corp,00959,2024-03-25,EMEA,"(12,735.75)","$9,106.06",(28.5%),Y,Customer asked for $50 discount,
Vandelay Industries,00193,2024-02-21,North America,"$40,561.00","$37,194.44",8.3%,No,Customer asked for $50 discount,
Dunder Mifflin,00015,2024-02-19,APAC,"€21,671.97","$16,210.63",25.2%,No,Standard order,
Hooli Inc,00157,2024-01-27,EMEA,"$21,358.92","$13,413.40",37.2%,true,,
Vandelay Industries,00893,2024-06-06,LATAM,"$16,093.35","$8,819.16",45.2%,Yes,VIP client priority support,
Wonka Industries,00001,2024-03-23,North America,"$67,248.52","$48,015.44",28.6%,N,Quarterly renewal,
Massive Dynamic,00403,2024-04-06,LATAM,"$53,115.22","$26,982.53",49.2%,Yes,Fast shipping requested,
Wonka Industries,00285,2024-02-06,LATAM,"€42,256.20","$21,128.10",50.0%,Yes,Standard order,
Wonka Industries,00375,2024-04-29,APAC,"54,772.62","$46,830.59",14.5%,Y,Quarterly renewal,
Soylent Corp,00370,2024-05-14,EMEA,918.28,$641.88,N/A,Y,Fast shipping requested,
Wayne Enterprises,00658,2024-05-02,LATAM,"$3,771.85","$3,526.68",6.5%,Yes,Account upgrade pending,
Dunder Mifflin,00466,2024-05-05,EMEA,-,-,35.6%,Yes,,
Wonka Industries,00135,2024-01-22,LATAM,"(62,637.80)","$49,671.78",(20.7%),true,,
Umbrella Corp,00671,2024-06-06,North America,"25,283.54","$14,892.01",41.1%,Y,Fast shipping requested,
Cyberdyne Systems,00427,2024-06-19,North America,"£5,339.14","$4,954.72",7.2%,Y,Quarterly renewal,
Dunder Mifflin,00765,2024-01-01,APAC,"20,895.35","$18,952.08",9.3%,N,Standard order,
Globex Inc,00187,2024-01-23,EMEA,"$24,153.85","$18,429.39",23.7%,No,Customer asked for $50 discount,
Wonka Industries,00698,2024-06-13,EMEA,"$56,181.93","$45,563.55",18.9%,Y,Quarterly renewal,
Wonka Industries,00193,2024-03-10,EMEA,"$13,694.85","$10,572.42",22.8%,Yes,,
Dunder Mifflin,00704,2024-02-13,North America,"£71,250.05","$42,678.78",40.1%,true,Quarterly renewal,
Stark Industries,00717,2024-05-08,APAC,"$7,261.43","$6,477.20",10.8%,Yes,VIP client priority support,
Initech LLC,00479,2024-05-30,APAC,"€28,235.06","$25,355.08",10.2%,Y,Quarterly renewal,
Cyberdyne Systems,00487,2024-03-26,APAC,"$48,767.16","$33,015.37",32.3%,Yes,,
Hooli Inc,00468,2024-05-31,LATAM,"€54,956.14","$42,920.75",21.9%,true,Standard order,
Umbrella Corp,00782,2024-05-09,North America,"$31,863.46","$22,113.24",30.6%,No,Account upgrade pending,
Pied Piper,00143,2024-02-03,APAC,"$59,248.42","$32,527.38",45.1%,Yes,VIP client priority support,
Acme Corp,00675,2024-02-07,EMEA,"66,280.13","$48,517.06",26.8%,Yes,Fast shipping requested,
Massive Dynamic,00866,2024-04-05,North America,"$36,062.13","$30,436.44",15.6%,Y,,
Soylent Corp,00724,2024-03-03,North America,"$29,374.26","$14,716.50",49.9%,Y,Account upgrade pending,
Cyberdyne Systems,00547,2024-01-19,APAC,"(36,879.04)","$20,873.54",(43.4%),false,Customer asked for $50 discount,
Stark Industries,00514,2024-01-01,LATAM,"$68,636.66","$50,242.04",26.8%,Yes,VIP client priority support,
Initech LLC,00292,2024-03-20,LATAM,"(€50,807.83)","$43,694.73",(14.0%),Y,Fast shipping requested,
Massive Dynamic,00855,2024-01-28,LATAM,"60,564.06","$33,189.10",N/A,Yes,Account upgrade pending,
Massive Dynamic,00394,2024-06-24,LATAM,"€1,363.36",$789.39,42.1%,Yes,Account upgrade pending,
Stark Industries,00800,2024-05-01,APAC,"$63,390.55","$36,132.61",43.0%,N,Quarterly renewal,
Grand Total,N/A,-,Summary,"$28,452,100.80","$17,210,400.00",39.5%,,Auto-generated report total,
